content_id,url,file,status,high_risk,result,issues
blog-cat-eye-discharge-guide,/blog/cat-eye-discharge-guide,db/seeds/blog-posts.ts,published,true,PASS_OR_NOT_APPLICABLE,
blog-cat-food-label-guide,/blog/cat-food-label-guide,db/seeds/blog-posts.ts,published,false,PASS_OR_NOT_APPLICABLE,
blog-cat-litter-box-guide,/blog/cat-litter-box-guide,db/seeds/blog-posts.ts,published,false,PASS_OR_NOT_APPLICABLE,
blog-dog-bath-guide,/blog/dog-bath-guide,db/seeds/blog-posts.ts,published,true,PASS_OR_NOT_APPLICABLE,
blog-dog-first-adoption-kit,/blog/dog-first-adoption-kit,db/seeds/blog-posts.ts,published,false,PASS_OR_NOT_APPLICABLE,
blog-dog-homemade-treats,/blog/dog-homemade-treats,db/seeds/blog-posts.ts,published,false,PASS_OR_NOT_APPLICABLE,
blog-dog-toxic-foods,/blog/dog-toxic-foods,db/seeds/blog-posts.ts,published,false,PASS_OR_NOT_APPLICABLE,
blog-dog-vomiting-when-to-vet,/blog/dog-vomiting-when-to-vet,db/seeds/blog-posts.ts,published,true,PASS_OR_NOT_APPLICABLE,
blog-dog-walk-guide,/blog/dog-walk-guide,db/seeds/blog-posts.ts,published,false,PASS_OR_NOT_APPLICABLE,
blog-189,/blog/maine-coon-care-guide,db/seeds/blog-posts-19.ts,published,false,PASS_OR_NOT_APPLICABLE,
blog-pet-insurance-guide,/blog/pet-insurance-guide,db/seeds/blog-posts-2.ts,published,true,PASS_OR_NOT_APPLICABLE,
blog-pet-registration-guide,/blog/pet-registration-guide,db/seeds/blog-posts.ts,published,false,PASS_OR_NOT_APPLICABLE,
