claimId,contentId,exactClaim,claimType,sourceId,sourceTitle,publisher,url,publishedDate,accessedAt,sourceVersion,applicableContext,evidenceLocation,supportStatus,verificationMethod,checkedBy,checkedAt,contentVersion,notes
cat-grooming-basics-guide-claim-1,blog-166,daily combing and hairball prevention; no 50 percent reduction located,health,cat-grooming-basics-guide-source-1,The Danger of Hairballs,Cornell University College of Veterinary Medicine,https://www.vet.cornell.edu/departments-centers-and-institutes/cornell-feline-health-center/health-information/feline-health-topics/danger-hairballs,,2026-09-12,current-at-access,daily combing and hairball prevention; no 50 percent reduction located,daily-combing recommendation,PARTIAL,official_page_read,codex-editorial-audit,2026-09-12,sha256:c6bb5ee31dae6c7844d6832d3074266f0a0a9ed3d51a730758bb213bb8f5699c,General brushing guidance supported; exact 50 percent reduction removed
dog-disc-disease-claim-2,seed-condition-dog-disc-disease,CT can investigate IVDD; no universal most-accurate ranking,health,dog-disc-disease-source-2,WSAVA Singapore 2018 Abstracts,WSAVA,https://wsava.org/wp-content/uploads/2021/12/WSAVA_Singapore_2018_Abstracts.pdf,2018,2026-09-12,2018,CT can investigate IVDD; no universal most-accurate ranking,CT and IVDD discussion,PARTIAL,official_pdf_search,codex-editorial-audit,2026-09-12,sha256:4baf9eaaf8a78da543065e3deb1823187ae25a993e8544432eb0bfa86d120b02,Absolute CT ranking removed; modality choice left to veterinarian
pet-registration-guide-claim-3,blog-pet-registration-guide,"2개월령 이상 반려견, 등록 방식, 변경 신고, 법정 과태료 상한",legal,pet-registration-guide-source-3,"반려동물을 가족으로 맞이하기 위한 첫걸음, 동물등록하세요!",농림축산식품부,https://www.mafra.go.kr/bbs/home/792/596971/download.do,2026-04-29,2026-09-12,2026-04-29,"2개월령 이상 반려견, 등록 방식, 변경 신고, 법정 과태료 상한",본문 1쪽,SUPPORTED,official_pdf_read,codex-editorial-audit,2026-09-12,sha256:3a732c4dae082a4137fa31b04922dc10948bc06c6f1b5030493d5e2c27fc9416,현행 안내에 맞춰 2개 등록 방식과 변경 신고 경로로 수정
pet-registration-guide-claim-4,blog-pet-registration-guide,미등록 1·2·3차 이상 및 변경 신고 위반 과태료 기준,legal,pet-registration-guide-source-4,동물보호법 시행령 별표 4,국가법령정보센터,https://www.law.go.kr/LSW/flDownload.do?bylClsCd=110201&flSeq=151937599&gubun=,2024-04-26,2026-09-12,2024-04-26,미등록 1·2·3차 이상 및 변경 신고 위반 과태료 기준,별표 4 라목·마목,SUPPORTED,official_pdf_read,codex-editorial-audit,2026-09-12,sha256:3a732c4dae082a4137fa31b04922dc10948bc06c6f1b5030493d5e2c27fc9416,법 제15조와 미등록·변경 신고 과태료를 구분해 반영
insurance-compare-claim-5,route-insurance-compare,"상품명, 판매 채널, 가입 연령과 가입 제한",insurance,insurance-compare-source-5,굿앤굿우리펫보험,현대해상,https://platform.hi.co.kr/service.do?m=78ee531539&petType=D,,2026-09-12,current-at-access,"상품명, 판매 채널, 가입 연령과 가입 제한",공식 상품 페이지,SUPPORTED,official_page_read,codex-editorial-audit,2026-09-12,route-source,기존 하이펫·점유율 1위·추천 표현 제거
insurance-compare-claim-6,route-insurance-compare,반려동물·판매 채널별 상품 구분,insurance,insurance-compare-source-6,보험상품 공시,DB손해보험,https://www.idbins.com/pc/bizxpress/pb/ppb/app/FWMAIV1544.shtm,,2026-09-12,current-at-access,반려동물·판매 채널별 상품 구분,상품 공시,PARTIAL,official_page_read,codex-editorial-audit,2026-09-12,route-source,채널별 상세 조건은 가입 시점 공시에서 재확인 필요
insurance-compare-claim-7,route-insurance-compare,KB 금쪽같은 펫보험 상품군,insurance,insurance-compare-source-7,상품공시,KB손해보험,https://www.kbinsure.co.kr/CG803000012.ec,,2026-09-12,current-at-access,KB 금쪽같은 펫보험 상품군,상품 공시,PARTIAL,official_page_read,codex-editorial-audit,2026-09-12,route-source,채널·계약 유형·인수 조건에 따라 달라짐
insurance-compare-claim-8,route-insurance-compare,상품명과 상품별 계약 조건,insurance,insurance-compare-source-8,애니펫,삼성화재,https://www.samsungfire.com/product/P_P02_09_01_124.html,,2026-09-12,current-at-access,상품명과 상품별 계약 조건,공식 상품 페이지,PARTIAL,official_page_read,codex-editorial-audit,2026-09-12,route-source,기존 최고 보장·상황별 추천 표현 제거
insurance-compare-claim-9,route-insurance-compare,현재 판매 상품·조건,insurance,insurance-compare-source-9,한화손해보험 펫보험,한화손해보험,,,2026-09-12,current-at-access,현재 판매 상품·조건,공식 판매 페이지 미확인,UNVERIFIED,official_site_search,codex-editorial-audit,2026-09-12,route-source,기존 레저펫 상품·배상책임·추천 정보를 노출하지 않음
insurance-compare-claim-10,route-insurance-compare,상품명과 다이렉트 채널 조건,insurance,insurance-compare-source-10,펫퍼민트,메리츠화재,https://store.meritzfire.com/pet/product.do,,2026-09-12,current-at-access,상품명과 다이렉트 채널 조건,공식 상품 페이지,PARTIAL,official_page_read,codex-editorial-audit,2026-09-12,route-source,기존 퍼피라이프·고령 특화 추천 표현 제거
puppy-first-week-guide-claim-11,blog-puppy-first-week-guide,Veterinary examination should be scheduled as soon as possible; no 48-72 hour rule located,health,puppy-first-week-guide-source-11,Selecting a Dog,American Veterinary Medical Association,https://ebusiness.avma.org/files/productdownloads/SelectDog_En.pdf,,2026-09-12,current-at-access,Veterinary examination should be scheduled as soon as possible; no 48-72 hour rule located,When you acquire a pet,PARTIAL,official_pdf_read,codex-editorial-audit,2026-09-12,sha256:af36fd30b51fc812eef58ad7ac5a97f23cbd8bcc841a3eebe6cdcd388b174991,Unsupported 48-72 hour attribution replaced with the source's actual non-numeric guidance
pet-food-rotation-guide-claim-12,blog-155,"This Heinze paper concerns diets recommended for dogs with cancer, not rotation feeding benefits",health,pet-food-rotation-guide-source-12,Assessment of commercial diets and recipes for home-prepared diets recommended for dogs with cancer,JAVMA / PubMed,https://pubmed.ncbi.nlm.nih.gov/23176236/,2012-12-01,2026-09-12,2012-12-01,"This Heinze paper concerns diets recommended for dogs with cancer, not rotation feeding benefits",bibliographic record,CONTRADICTED,official_bibliographic_record,codex-editorial-audit,2026-09-12,sha256:99905df9cd15f99ddff6219c51c1bf077d48eb34f70aecf4d9f1914f921a9d0e,False attribution removed; rotation benefit claims rewritten as unverified considerations
pet-food-rotation-guide-claim-13,blog-155,"Nutritional adequacy should match species, life stage, and condition",health,pet-food-rotation-guide-source-13,Selecting the Right Pet Food,AAFCO,https://www.aafco.org/consumers/understanding-pet-food/selecting-the-right-pet-food,,2026-09-12,current-at-access,"Nutritional adequacy should match species, life stage, and condition",Life Stage and Condition,SUPPORTED,official_page_read,codex-editorial-audit,2026-09-12,sha256:99905df9cd15f99ddff6219c51c1bf077d48eb34f70aecf4d9f1914f921a9d0e,"Used only for label and nutritional-adequacy guidance, not to claim rotation benefits"
pet-first-aid-guide-claim-14,seed-guide-pet-first-aid,Supports general emergency preparation topics but does not identify a 2023 manual edition,health,pet-first-aid-guide-source-14,Learn Pet First Aid for Emergencies,American Red Cross,https://www.redcross.org/take-a-class/resources/learn-pet-first-aid,,2026-09-12,current-at-access,Supports general emergency preparation topics but does not identify a 2023 manual edition,Course and app overview,PARTIAL,official_page_read,codex-editorial-audit,2026-09-12,sha256:675d2a750f683e8176f1ee3302bd685498a8fd380829f7b331ddf23c04040cef,Unverified manual edition removed
pet-first-aid-guide-claim-15,seed-guide-pet-first-aid,"Manual of Practical Animal Care is listed as published 2007 and reprinted with updates, not 3rd ed. 2022",health,pet-first-aid-guide-source-15,BSAVA Publications Catalogue 2026,BSAVA,https://www.bsava.com/wp-content/uploads/2026/01/21289-Publications-Catalogue-2026-A5-Landscape.pdf,2026,2026-09-12,2026,"Manual of Practical Animal Care is listed as published 2007 and reprinted with updates, not 3rd ed. 2022",Veterinary nursing catalogue entry,CONTRADICTED,official_catalogue_read,codex-editorial-audit,2026-09-12,sha256:675d2a750f683e8176f1ee3302bd685498a8fd380829f7b331ddf23c04040cef,Edition and publication year corrected
pet-emergency-vet-preparation-claim-16,blog-453,"Repeated vomiting/diarrhea, altered responsiveness, seizures, bleeding and breathing difficulty warrant prompt veterinary care",health,pet-emergency-vet-preparation-source-16,Help! Is This a Pet Emergency?,AAHA,https://www.aaha.org/resources/help-is-this-a-pet-emergency/,2024-09-05,2026-09-12,2024-09-05,"Repeated vomiting/diarrhea, altered responsiveness, seizures, bleeding and breathing difficulty warrant prompt veterinary care",Emergency signs list,SUPPORTED,official_page_read,codex-editorial-audit,2026-09-12,sha256:8b2eec3a46f5546eb97ce5d8fc018abed35f2cda95a63adb8854ae57d1f3d5bb,Article category corrected from insurance/legal to health; emergency wording narrowed
pet-emergency-vet-preparation-claim-17,blog-453,"Time a seizure, avoid the mouth, contact a veterinarian; do not induce vomiting or medicate without direction",health,pet-emergency-vet-preparation-source-17,Pet First Aid,AVMA,https://ebusiness.avma.org/files/ProductDownloads/mcm-client-brochures-pet-first-aid-2025.pdf,2025,2026-09-12,2025,"Time a seizure, avoid the mouth, contact a veterinarian; do not induce vomiting or medicate without direction",Seizure and poisoning first-aid sections,SUPPORTED,official_pdf_read,codex-editorial-audit,2026-09-12,sha256:8b2eec3a46f5546eb97ce5d8fc018abed35f2cda95a63adb8854ae57d1f3d5bb,Unsupported universal five-minute cutoff and ambiguous poison-service direction removed
pet-emergency-kit-guide-claim-18,blog-164,"Supports veterinary contact, safe transport, bleeding pressure, no unsupervised vomiting or medication, and cooling without ice-cold water",health,pet-emergency-kit-guide-source-18,Pet First Aid,AVMA,https://ebusiness.avma.org/files/ProductDownloads/mcm-client-brochures-pet-first-aid-2025.pdf,2025,2026-09-12,2025,"Supports veterinary contact, safe transport, bleeding pressure, no unsupervised vomiting or medication, and cooling without ice-cold water","Bleeding, poisoning, heatstroke and preparation sections",SUPPORTED,official_pdf_read,codex-editorial-audit,2026-09-12,sha256:aa91c6230bb307af657fa3a288628735304759808cf425945b198e709f67aca3,Unsupported survival comparison and arbitrary five-minute threshold removed
pet-emergency-kit-guide-claim-19,blog-164,"Supports emergency contacts, records, gauze, bandage, saline, thermometer, scissors, towel and transport supplies",health,pet-emergency-kit-guide-source-19,Pet First Aid Kit Checklist,AVMA,https://ebusiness.avma.org/files/productdownloads/LR_COM_FirstAid_010816.pdf,,2026-09-12,current-at-access,"Supports emergency contacts, records, gauze, bandage, saline, thermometer, scissors, towel and transport supplies",First aid kit checklist,SUPPORTED,official_pdf_read,codex-editorial-audit,2026-09-12,sha256:aa91c6230bb307af657fa3a288628735304759808cf425945b198e709f67aca3,"Used for preparation items only, not treatment-outcome claims"
pet-toxic-plants-dog-guide-claim-20,blog-199,"Supports species-specific toxic membership for named plants; not universal dose, timing, or severity claims",health,pet-toxic-plants-dog-guide-source-20,Toxic and Non-Toxic Plant List — Dogs,ASPCA,https://www.aspca.org/pet-care/animal-poison-control/dogs-plant-list,,2026-09-12,current-at-access,"Supports species-specific toxic membership for named plants; not universal dose, timing, or severity claims",Dog toxic-plant index,PARTIAL,official_page_read,codex-editorial-audit,2026-09-12,sha256:d4ebe4015fabc47c88ed91a65236ccbd69a6543125b978982ebadbd9f87aee20,"Unsupported 25 percent ranking, xylitol-plant category and 30-minute threshold removed"
pet-toxic-plants-cat-guide-claim-21,blog-200,Supports checking exact plant and animal species and urgent poison/veterinary contact,health,pet-toxic-plants-cat-guide-source-21,Toxic and Non-Toxic Plants,ASPCA,https://www.aspca.org/pet-care/animal-poison-control/toxic-and-non-toxic-plants,,2026-09-12,current-at-access,Supports checking exact plant and animal species and urgent poison/veterinary contact,Species-filtered plant database,PARTIAL,official_page_read,codex-editorial-audit,2026-09-12,sha256:42ecc04787b6cef434c4bd29e143c15829b2afcb7c014e4219a2b05fe5e1f2eb,Article renamed as a major-plant list rather than a complete list
pet-toxic-plants-cat-guide-claim-22,blog-200,True Lilium and Hemerocallis lilies can cause acute kidney injury in cats; plants merely called lily may have different toxicities,health,pet-toxic-plants-cat-guide-source-22,Houseplants and Ornamentals Toxic to Animals,Merck Veterinary Manual,https://www.merckvetmanual.com/toxicology/poisonous-plants/houseplants-and-ornamentals-toxic-to-animals,,2026-09-12,current-at-access,True Lilium and Hemerocallis lilies can cause acute kidney injury in cats; plants merely called lily may have different toxicities,Lily toxicity section,SUPPORTED,official_page_read,codex-editorial-audit,2026-09-12,sha256:42ecc04787b6cef434c4bd29e143c15829b2afcb7c014e4219a2b05fe5e1f2eb,Overbroad all-lilies statement and unverified 18-hour treatment threshold removed
dog-flea-tick-guide-claim-23,blog-167,Supports product-label matching and separation until topical products dry; not universal application intervals,health,dog-flea-tick-guide-source-23,Safe Use of Flea and Tick Products in Pets,U.S. FDA,https://www.fda.gov/consumers/consumer-updates/safe-use-flea-and-tick-products-pets,,2026-09-12,current-at-access,Supports product-label matching and separation until topical products dry; not universal application intervals,"Species, life stage, weight, label and adverse-event sections",SUPPORTED,official_page_read,codex-editorial-audit,2026-09-12,sha256:691f137483813d4d58b12ae722fab6e893d80b9fc5ccdfbf65e2cb897863ffbf,Unsupported egg count and universal product durations removed
dog-flea-tick-guide-claim-24,blog-167,Never use dog products on cats or cat products on dogs; follow the label,health,dog-flea-tick-guide-source-24,Controlling Fleas and Ticks on Your Pet,U.S. EPA,https://www.epa.gov/pets/controlling-fleas-and-ticks-your-pet,,2026-09-12,current-at-access,Never use dog products on cats or cat products on dogs; follow the label,Product selection and use section,SUPPORTED,official_page_read,codex-editorial-audit,2026-09-12,sha256:691f137483813d4d58b12ae722fab6e893d80b9fc5ccdfbf65e2cb897863ffbf,Reversed permethrin species warning corrected
cat-flea-tick-prevention-claim-25,blog-168,Supports species-specific selection and separating animals until a topical product dries,health,cat-flea-tick-prevention-source-25,Safe Use of Flea and Tick Products in Pets,U.S. FDA,https://www.fda.gov/consumers/consumer-updates/safe-use-flea-and-tick-products-pets,,2026-09-12,current-at-access,Supports species-specific selection and separating animals until a topical product dries,Multi-pet household and label sections,SUPPORTED,official_page_read,codex-editorial-audit,2026-09-12,sha256:972ba7e93aeb862070d0cd700ecee88a4863312babcd992af0fe4a8f6cbfb4dc,Universal 24-hour separation replaced with label-specific guidance
cat-flea-tick-prevention-claim-26,blog-168,Supports treating pets and managing the environment; not a universal 60 C wash or two-week re-dose,health,cat-flea-tick-prevention-source-26,Fleas,Companion Animal Parasite Council,https://capcvet.org/guidelines/fleas/,,2026-09-12,current-at-access,Supports treating pets and managing the environment; not a universal 60 C wash or two-week re-dose,Control strategy,PARTIAL,official_page_read,codex-editorial-audit,2026-09-12,sha256:972ba7e93aeb862070d0cd700ecee88a4863312babcd992af0fe4a8f6cbfb4dc,Unverified number-one ranking and fixed retreatment instructions removed
dog-heartworm-treatment-guide-claim-27,blog-170,"Supports veterinarian-directed diagnosis, staged treatment, three-dose melarsomine protocol and exercise restriction",health,dog-heartworm-treatment-guide-source-27,Canine Guidelines,American Heartworm Society,https://www.heartwormsociety.org/veterinary-resources/american-heartworm-society-guidelines/canine,,2026-09-12,current-at-access,"Supports veterinarian-directed diagnosis, staged treatment, three-dose melarsomine protocol and exercise restriction",Current canine guideline landing page,SUPPORTED,official_page_read,codex-editorial-audit,2026-09-12,sha256:8edd701b8655c9cf7233ccf7451e886ed5da3936aaa33cb16b27d4a450a8fa67,Unsupported 95 percent cure claim removed
dog-heartworm-treatment-guide-claim-28,blog-170,Guidelines are living documents and posted versions supersede prior editions,health,dog-heartworm-treatment-guide-source-28,American Heartworm Society Guidelines,American Heartworm Society,https://www.heartwormsociety.org/veterinary-resources/american-heartworm-society-guidelines,,2026-09-12,current-at-access,Guidelines are living documents and posted versions supersede prior editions,Guideline version statement,SUPPORTED,official_page_read,codex-editorial-audit,2026-09-12,sha256:8edd701b8655c9cf7233ccf7451e886ed5da3936aaa33cb16b27d4a450a8fa67,Fixed six-month follow-up statement replaced with current-guideline and veterinarian direction
dog-dental-scaling-guide-claim-29,blog-231,"Supports anesthetized oral evaluation, radiography, scaling and individualized treatment planning",health,dog-dental-scaling-guide-source-29,2019 AAHA Dental Care Guidelines for Dogs and Cats,AAHA,https://www.aaha.org/resources/2019-aaha-dental-care-guidelines-for-dogs-and-cats/,2019-05-06,2026-09-12,2019-05-06,"Supports anesthetized oral evaluation, radiography, scaling and individualized treatment planning",Guideline overview and procedure sections,SUPPORTED,official_page_read,codex-editorial-audit,2026-09-12,sha256:c1451e7f098886d2b21a5cbe6075c2ad1b0dbaf172da8e8ef99baa46189f9681,"Unsupported prevalence, tooth-loss, fixed interval, price and anesthesia mortality claims removed"
cat-anal-gland-guide-claim-30,blog-232,"Supports disease categories, clinical signs and veterinarian-directed expression, flushing, medication or surgery",health,cat-anal-gland-guide-source-30,Anal Sac Disease in Dogs and Cats,Merck Veterinary Manual,https://www.merckvetmanual.com/digestive-system/diseases-of-the-rectum-and-anus/anal-sac-disease-in-dogs-and-cats,2025-08,2026-09-12,2025-08,"Supports disease categories, clinical signs and veterinarian-directed expression, flushing, medication or surgery","Clinical findings, diagnosis and treatment",SUPPORTED,official_page_read,codex-editorial-audit,2026-09-12,sha256:93b849547007c57ce1e71268bf8c71c25300921e22dd2e62489cd6fad62a886c,Unverified WSAVA risk-factor and fixed treatment-duration claims removed
dog-anal-gland-express-guide-claim-31,blog-233,Supports professional assessment and gentle expression when indicated; not a universal home schedule,health,dog-anal-gland-express-guide-source-31,Anal Sac Disease in Dogs and Cats,Merck Veterinary Manual,https://www.merckvetmanual.com/digestive-system/diseases-of-the-rectum-and-anus/anal-sac-disease-in-dogs-and-cats,2025-08,2026-09-12,2025-08,Supports professional assessment and gentle expression when indicated; not a universal home schedule,"Clinical findings, diagnosis and treatment",SUPPORTED,official_page_read,codex-editorial-audit,2026-09-12,sha256:8a56b7336f5227b3aca76f6d726c06f2e98bc5214a31de9bab170e2864b02069,"Unverified home procedure, prevalence ratio and fixed expression intervals removed"
cat-summer-safety-guide-claim-32,blog-162,"Supports symptom-based emergency recognition, gradual cooling with cool water and prompt veterinary care",health,cat-summer-safety-guide-source-32,Protecting Pets During Hot Summer Months,Merck Veterinary Manual,https://www.merckvetmanual.com/news/editorial/2025/05/28/17/27/protecting-pets-during-hot-summer-months,2025-05-28,2026-09-12,2025-05-28,"Supports symptom-based emergency recognition, gradual cooling with cool water and prompt veterinary care",Heatstroke signs and initial response,SUPPORTED,official_page_read,codex-editorial-audit,2026-09-12,sha256:174f7b272ee78cefa744a8cdc400611a5ebe394a26b3fe2d40027fa3570784f2,Unsupported temperature thresholds and fixed room settings removed
dog-eye-care-guide-claim-33,blog-163,"Supports prompt evaluation of pain, watering, squinting, cloudiness and injury; discharge colour alone is not a diagnosis",health,dog-eye-care-guide-source-33,Disorders of the Cornea in Dogs,Merck Veterinary Manual,https://www.merckvetmanual.com/dog-owners/eye-disorders-of-dogs/disorders-of-the-cornea-in-dogs,2024-09,2026-09-12,2024-09,"Supports prompt evaluation of pain, watering, squinting, cloudiness and injury; discharge colour alone is not a diagnosis",Corneal inflammation and ulcer sections,SUPPORTED,official_page_read,codex-editorial-audit,2026-09-12,sha256:0200b24216253ca7ef637d020667ddd10a30a1b8a13caba0ab535b955145c6b0,Colour diagnosis and 48-hour wait removed
dog-summer-paw-protection-claim-34,blog-198,"Supports checking the actual surface, cooler routes, cool-water rinsing and veterinary consultation",health,dog-summer-paw-protection-source-34,How to Protect Your Dog's Paws from Hot Pavement,AAHA,https://www.aaha.org/resources/how-to-protect-dog-paws-from-hot-pavement/,2026-06-12,2026-09-12,2026-06-12,"Supports checking the actual surface, cooler routes, cool-water rinsing and veterinary consultation","Pavement test, burn signs and initial response",SUPPORTED,official_page_read,codex-editorial-audit,2026-09-12,sha256:4e02e4298015e30e65a44f77b96c175726b7da3c573834513a69a51e0317e88a,Fabricated five-second and 80-percent claims plus rigid clock rules removed
dog-paw-care-guide-claim-35,blog-161,"Supports actual-surface checks, cooler routes, cool-water rinsing and veterinary contact",health,dog-paw-care-guide-source-35,How to Protect Your Dog's Paws from Hot Pavement,AAHA,https://www.aaha.org/resources/how-to-protect-dog-paws-from-hot-pavement/,2026-06-12,2026-09-12,2026-06-12,"Supports actual-surface checks, cooler routes, cool-water rinsing and veterinary contact","Pavement test, burn signs and initial response",SUPPORTED,official_page_read,codex-editorial-audit,2026-09-12,sha256:306326647646c637ac1abbcea3bc7c801a8a6a843cf062b0103d7f89178fde4b,"Universal temperature, five-second, ten-minute and product-frequency rules removed"
dog-skin-care-guide-claim-36,blog-165,"Supports multifactorial diagnosis and individualized management; not universal breed, site or bathing rules",health,dog-skin-care-guide-source-36,Atopic Dermatitis in Dogs,Merck Veterinary Manual,https://www.merckvetmanual.com/integumentary-system/atopic-skin-conditions-in-dogs-and-cats/atopic-dermatitis-in-dogs,2026-05,2026-09-12,2026-05,"Supports multifactorial diagnosis and individualized management; not universal breed, site or bathing rules",Diagnosis and management,SUPPORTED,official_page_read,codex-editorial-audit,2026-09-12,sha256:c0669d72d8a64555ffdaa7e84bd5a088b9010081f4e021b80252633bc2bdd216,"Unverified top-five ranking, pH numbers and fixed schedules removed"
dog-skin-care-guide-claim-37,blog-165,Supports veterinary evaluation for persistent or significant itching and associated lesions,health,dog-skin-care-guide-source-37,Itching (Pruritus) in Dogs,Merck Veterinary Manual,https://www.merckvetmanual.com/dog-owners/skin-disorders-of-dogs/itching-pruritus-in-dogs,,2026-09-12,current-at-access,Supports veterinary evaluation for persistent or significant itching and associated lesions,Causes and veterinary evaluation,SUPPORTED,official_page_read,codex-editorial-audit,2026-09-12,sha256:c0669d72d8a64555ffdaa7e84bd5a088b9010081f4e021b80252633bc2bdd216,Unsafe two-week wait removed
pet-vet-visit-guide-claim-38,blog-169,"Supports familiar carriers, bedding, treats and advance discussion of severe fear or anxiety",health,pet-vet-visit-guide-source-38,Preparing Your Pet for a Successful Veterinary Visit,AAHA,https://www.aaha.org/resources/preparing-your-pet-for-a-successful-veterinary-visit/,2026-02-10,2026-09-12,2026-02-10,"Supports familiar carriers, bedding, treats and advance discussion of severe fear or anxiety",Carrier acclimation and previsit preparation,SUPPORTED,official_page_read,codex-editorial-audit,2026-09-12,sha256:58e56fab980abdda22d81bcbad384ec7e9294b53cadde32f3d780eeae72220dd,Unverified AVMA statistic and fixed acclimation period removed
pet-vet-visit-guide-claim-39,blog-169,Fasting and medication instructions depend on the anesthesia team and patient,health,pet-vet-visit-guide-source-39,Anesthesia Begins at Home,AAHA,https://www.aaha.org/resources/2020-aaha-anesthesia-and-monitoring-guidelines-for-dogs-and-cats/phase-2-day-of-anesthesia/step-1-anesthesia-begins-at-home/,2020,2026-09-12,2020,Fasting and medication instructions depend on the anesthesia team and patient,Day-of-anesthesia preparation,SUPPORTED,official_page_read,codex-editorial-audit,2026-09-12,sha256:58e56fab980abdda22d81bcbad384ec7e9294b53cadde32f3d780eeae72220dd,Universal fasting statements removed
online-vet-consultation-guide-claim-40,blog-213,직접 진료하지 않은 처방대상 동물용 의약품 처방·투약 제한,health,online-vet-consultation-guide-source-40,수의사법,국가법령정보센터,https://www.law.go.kr/LSW/lsInfoP.do?lsiSeq=259085,2024-07-24,2026-09-12,2024-07-24,직접 진료하지 않은 처방대상 동물용 의약품 처방·투약 제한,제12조 및 제41조,SUPPORTED,official_law_read,codex-editorial-audit,2026-09-12,sha256:444d32d9f38a559281dad7fc182d463b21c6b65a32c658592a516e9ae6686656,"Unverified usage statistics, market projections and platform listings removed"
online-vet-consultation-guide-claim-41,blog-213,Supports direct emergency contact and transport rather than waiting for online advice,health,online-vet-consultation-guide-source-41,Pet First Aid,AVMA,https://ebusiness.avma.org/files/ProductDownloads/mcm-client-brochures-pet-first-aid-2025.pdf,2025,2026-09-12,2025,Supports direct emergency contact and transport rather than waiting for online advice,Emergency signs and first response,SUPPORTED,official_pdf_read,codex-editorial-audit,2026-09-12,sha256:444d32d9f38a559281dad7fc182d463b21c6b65a32c658592a516e9ae6686656,Fixed intake threshold removed
pet-allergy-season-guide-claim-42,blog-197,"Supports history and exclusion-based diagnosis, individualized multimodal management, bathing and allergen-specific immunotherapy",health,pet-allergy-season-guide-source-42,Atopic Dermatitis in Dogs,Merck Veterinary Manual,https://www.merckvetmanual.com/integumentary-system/atopic-skin-conditions-in-dogs-and-cats/atopic-dermatitis-in-dogs,2026-05,2026-09-12,2026-05,"Supports history and exclusion-based diagnosis, individualized multimodal management, bathing and allergen-specific immunotherapy",Diagnosis and treatment,SUPPORTED,official_page_read,codex-editorial-audit,2026-09-12,sha256:f1e3b7f5ba6a67ad71f445c305e52a58203e7f0d486d947c2a300629b0cc5c8b,"Unsupported prevalence, ranking, calendar and universal medication claims removed"
pet-human-allergy-guide-claim-43,blog-234,"Supports protein allergen scope, lack of hypoallergenic breeds, bedroom separation, HEPA filtration and cleaning",health,pet-human-allergy-guide-source-43,Pet Allergens,National Institute of Environmental Health Sciences,https://www.niehs.nih.gov/health/topics/agents/allergens/pets,,2026-09-12,current-at-access,"Supports protein allergen scope, lack of hypoallergenic breeds, bedroom separation, HEPA filtration and cleaning",Allergen sources and preventive strategies,SUPPORTED,official_page_read,codex-editorial-audit,2026-09-12,sha256:42dbb7fd241ce2b743301927b31f930924a69a1c5100ae9a222faee0aa230d05,Unsupported prevalence and fixed reduction percentages removed
pet-human-allergy-guide-claim-44,blog-234,"Supports symptom list, allergist testing, bedroom exclusion and individualized treatment",health,pet-human-allergy-guide-source-44,Pet Allergy,"American Academy of Allergy, Asthma & Immunology",https://www.aaaai.org/conditions-treatments/allergies/pet-allergy,,2026-09-12,current-at-access,"Supports symptom list, allergist testing, bedroom exclusion and individualized treatment","Symptoms, diagnosis and management",SUPPORTED,official_page_read,codex-editorial-audit,2026-09-12,sha256:42dbb7fd241ce2b743301927b31f930924a69a1c5100ae9a222faee0aa230d05,No guaranteed coexistence or treatment outcome claimed
dog-patellar-luxation-stages-claim-45,cond-dog-patellar-luxation,Supports grading and case-dependent treatment; unsupported Korean prevalence and fixed CT/checkup rules removed,health,dog-patellar-luxation-stages-source-45,Patellar Luxation (Dislocating Kneecap) in Dogs,American College of Veterinary Surgeons,https://www.acvs.org/small-animal/patellar-luxations/,,2026-09-12,current-at-access,Supports grading and case-dependent treatment; unsupported Korean prevalence and fixed CT/checkup rules removed,"Grading, diagnosis and individualized treatment",NEEDS_EXPERT_REVIEW,official_page_read,codex-editorial-audit,2026-09-12,sha256:fbfafe167d781cc26a32681f2e09766bd0af19c5abeda794fa531f97cf5d6fd1,Qualified veterinary review still required before publication
dog-patellar-luxation-claim-46,condition-dog-patellar-luxation,"Supports grading and common surgical approaches; success, recurrence and fixed recovery schedules removed",health,dog-patellar-luxation-source-46,Patellar Luxation (Dislocating Kneecap) in Dogs,American College of Veterinary Surgeons,https://www.acvs.org/small-animal/patellar-luxations/,,2026-09-12,current-at-access,"Supports grading and common surgical approaches; success, recurrence and fixed recovery schedules removed","Grading, surgery and recovery",NEEDS_EXPERT_REVIEW,official_page_read,codex-editorial-audit,2026-09-12,sha256:92f5707f3d7b3ed08d13cf985ab6721daa9b9e6fb58903911b4108d001f5f65c,Unverified veterinary-review claim removed
dog-heartworm-disease-claim-47,cond-dog-heartworm-prevention,Supports veterinarian-directed prevention and testing; fixed test and product timings narrowed,health,dog-heartworm-disease-source-47,Canine Guidelines,American Heartworm Society,https://www.heartwormsociety.org/veterinary-resources/american-heartworm-society-guidelines/canine,2024,2026-09-12,2024,Supports veterinarian-directed prevention and testing; fixed test and product timings narrowed,"Transmission, testing, prevention and treatment",NEEDS_EXPERT_REVIEW,official_page_read,codex-editorial-audit,2026-09-12,sha256:1a7a060804eafd20699d6e8292dd7e1c687934cee155e3bee58135269a16f019,Product-specific details need veterinary review
cat-vomiting-causes-claim-48,cond-cat-vomiting-causes,Supports symptom-based evaluation; rigid frequency and withholding thresholds removed,health,cat-vomiting-causes-source-48,Vomiting in Cats,Merck Veterinary Manual,https://www.merckvetmanual.com/cat-owners/digestive-disorders-of-cats/vomiting-in-cats,2024-09,2026-09-12,2024-09,Supports symptom-based evaluation; rigid frequency and withholding thresholds removed,"Causes, diagnostic workup and escalation",NEEDS_EXPERT_REVIEW,official_page_read,codex-editorial-audit,2026-09-12,sha256:c2c3d4bb8f5d994329a41503ce222c56dadc5e9033de5cb9fe6bfb249a6afdde,Differential diagnosis needs veterinary review
dog-skin-allergy-guide-claim-49,cond-dog-skin-allergy-guide,Supports multimodal management; fixed environmental and elimination-diet protocol removed,health,dog-skin-allergy-guide-source-49,Atopic Dermatitis in Dogs,Merck Veterinary Manual,https://www.merckvetmanual.com/dog-owners/skin-disorders-of-dogs/atopic-dermatitis-in-dogs,,2026-09-12,current-at-access,Supports multimodal management; fixed environmental and elimination-diet protocol removed,Diagnosis by exclusion and individualized management,NEEDS_EXPERT_REVIEW,official_page_read,codex-editorial-audit,2026-09-12,sha256:d8758a8fbd03f61d3f68ed49faebcfc80ce65db0f1f128b769d81e420317542a,Clinical protocol needs veterinary review
cat-kidney-disease-guide-claim-50,cond-cat-kidney-disease-guide,Supports stage-based evaluation; prevalence and universal screening/feeding schedules removed,health,cat-kidney-disease-guide-source-50,IRIS Staging System,International Renal Interest Society,https://www.iris-kidney.com/iris-staging-system,2026,2026-09-12,2026,Supports stage-based evaluation; prevalence and universal screening/feeding schedules removed,Stable CKD staging and substaging,NEEDS_EXPERT_REVIEW,official_page_read,codex-editorial-audit,2026-09-12,sha256:de84182de37b9b888d17e58563d38afaa4cacb14c09eb12041c72a2b4e304c7f,Use current IRIS material during expert review
dog-separation-anxiety-disorder-claim-51,cond-dog-separation-anxiety,Supports gradual below-threshold work; rigid second-by-second protocol removed,health,dog-separation-anxiety-disorder-source-51,Separation Anxiety in Dogs,Merck Veterinary Manual,https://www.merckvetmanual.com/dog-owners/behavior-of-dogs/separation-anxiety-in-dogs,,2026-09-12,current-at-access,Supports gradual below-threshold work; rigid second-by-second protocol removed,Diagnosis and gradual behavior modification,NEEDS_EXPERT_REVIEW,official_page_read,codex-editorial-audit,2026-09-12,sha256:bd0af234fa83c36770073f3239e293802daec70a474f701fa6ea671e1ca94e8f,Veterinary behavior review needed
cat-urinary-tract-disease-claim-52,cond-cat-urinary-tract-disease,Supports immediate obstruction assessment and individualized management; delay-producing cutoffs removed,health,cat-urinary-tract-disease-source-52,2025 iCatCare consensus guidelines on lower urinary tract diseases in cats,International Cat Care,https://pmc.ncbi.nlm.nih.gov/articles/PMC11816079/,2025,2026-09-12,2025,Supports immediate obstruction assessment and individualized management; delay-producing cutoffs removed,"Syndrome causes, obstruction and management",NEEDS_EXPERT_REVIEW,official_consensus_read,codex-editorial-audit,2026-09-12,sha256:c7f36fc93149b5b89cc68597090fdca996e1d7b082b455d761483dd65ef698fc,Emergency and diet wording needs veterinary review
dog-obesity-management-claim-53,cond-dog-obesity-management,Supports individualized weight plans; unsupported Korean prevalence and monthly rate removed,health,dog-obesity-management-source-53,2021 AAHA Nutrition and Weight Management Guidelines,AAHA,https://www.aaha.org/resources/2021-aaha-nutrition-and-weight-management-guidelines/home/,2021,2026-09-12,2021,Supports individualized weight plans; unsupported Korean prevalence and monthly rate removed,"BCS, calorie planning, treats and monitoring",NEEDS_EXPERT_REVIEW,official_page_read,codex-editorial-audit,2026-09-12,sha256:48c603b85b5f1a39bb263e4fdbf0137f5822fe691d862199ac0c52335713b85f,Patient-specific rate needs veterinary review
dog-joint-arthritis-claim-54,cond-dog-joint-arthritis,"Supports weight, rehabilitation and veterinary analgesia; prevalence and therapy superlative removed",health,dog-joint-arthritis-source-54,Osteoarthritis in Dogs,American College of Veterinary Surgeons,https://www.acvs.org/small-animal/osteoarthritis-in-dogs/,,2026-09-12,current-at-access,"Supports weight, rehabilitation and veterinary analgesia; prevalence and therapy superlative removed",Diagnosis and multimodal management,NEEDS_EXPERT_REVIEW,official_page_read,codex-editorial-audit,2026-09-12,sha256:5dc274c322106857fca82aa657929aa2661c41844ed904307082d4dcbc1ade25,Medication and rehabilitation need veterinary review
cat-dental-disease-claim-55,cond-cat-dental-disease,"Supports professional assessment and brushing; prevalence, systemic-causation and fixed training claims removed",health,cat-dental-disease-source-55,Global Dental Guidelines,WSAVA,https://wsava.org/global-guidelines/dental-guidelines/,2020,2026-09-12,2020,"Supports professional assessment and brushing; prevalence, systemic-causation and fixed training claims removed","Periodontal assessment, professional care and home care",NEEDS_EXPERT_REVIEW,official_guideline_read,codex-editorial-audit,2026-09-12,sha256:53918294d03e33f7b5e069227aa8cca51682a286648eb028ec0c6745f1fa1131,Stage descriptions require veterinary review
blog-232-source-presence-1,blog-232,A source reference is present in the seed record,source_metadata,blog-232-source-1,,,"https://www.merckvetmanual.com/digestive-system/diseases-of-the-rectum-and-anus/anal-sac-disease-in-dogs-and-cats — Merck Veterinary Manual, Anal Sac Disease in Dogs and Cats (reviewed 2025)",,2026-09-12,current-at-access,Source presence only,Repository seed source field,UNVERIFIED,repository_static_scan,machine-audit,2026-09-12,sha256:93b849547007c57ce1e71268bf8c71c25300921e22dd2e62489cd6fad62a886c,URL presence is not claim support
cond-cat-dental-disease-source-presence-1,cond-cat-dental-disease,A source reference is present in the seed record,source_metadata,cond-cat-dental-disease-source-1,,,"https://wsava.org/global-guidelines/dental-guidelines/ — WSAVA, Global Dental Guidelines (2020)",,2026-09-12,current-at-access,Source presence only,Repository seed source field,UNVERIFIED,repository_static_scan,machine-audit,2026-09-12,sha256:53918294d03e33f7b5e069227aa8cca51682a286648eb028ec0c6745f1fa1131,URL presence is not claim support
cond-cat-dental-disease-source-presence-2,cond-cat-dental-disease,A source reference is present in the seed record,source_metadata,cond-cat-dental-disease-source-2,,,"https://vohc.org/accepted-products/ — Veterinary Oral Health Council, Accepted Products (accessed 2026-09-12)",,2026-09-12,current-at-access,Source presence only,Repository seed source field,UNVERIFIED,repository_static_scan,machine-audit,2026-09-12,sha256:53918294d03e33f7b5e069227aa8cca51682a286648eb028ec0c6745f1fa1131,URL presence is not claim support
blog-168-source-presence-1,blog-168,A source reference is present in the seed record,source_metadata,blog-168-source-1,,,"https://www.fda.gov/consumers/consumer-updates/safe-use-flea-and-tick-products-pets — FDA, Safe Use of Flea and Tick Products in Pets",,2026-09-12,current-at-access,Source presence only,Repository seed source field,UNVERIFIED,repository_static_scan,machine-audit,2026-09-12,sha256:972ba7e93aeb862070d0cd700ecee88a4863312babcd992af0fe4a8f6cbfb4dc,URL presence is not claim support
blog-168-source-presence-2,blog-168,A source reference is present in the seed record,source_metadata,blog-168-source-2,,,"https://www.epa.gov/pets/controlling-fleas-and-ticks-your-pet — EPA, Controlling Fleas and Ticks on Your Pet",,2026-09-12,current-at-access,Source presence only,Repository seed source field,UNVERIFIED,repository_static_scan,machine-audit,2026-09-12,sha256:972ba7e93aeb862070d0cd700ecee88a4863312babcd992af0fe4a8f6cbfb4dc,URL presence is not claim support
blog-168-source-presence-3,blog-168,A source reference is present in the seed record,source_metadata,blog-168-source-3,,,"https://capcvet.org/guidelines/fleas/ — CAPC, Fleas",,2026-09-12,current-at-access,Source presence only,Repository seed source field,UNVERIFIED,repository_static_scan,machine-audit,2026-09-12,sha256:972ba7e93aeb862070d0cd700ecee88a4863312babcd992af0fe4a8f6cbfb4dc,URL presence is not claim support
blog-166-source-presence-0,blog-166,No structured source URL extracted,source_metadata,blog-166-source-0,,,,,2026-09-12,unknown,Source presence only,Repository seed source field,UNVERIFIED,repository_static_scan,machine-audit,2026-09-12,sha256:c6bb5ee31dae6c7844d6832d3074266f0a0a9ed3d51a730758bb213bb8f5699c,Semantic review required
cond-cat-kidney-disease-guide-source-presence-1,cond-cat-kidney-disease-guide,A source reference is present in the seed record,source_metadata,cond-cat-kidney-disease-guide-source-1,,,"https://www.iris-kidney.com/iris-staging-system — International Renal Interest Society, IRIS Staging System (accessed 2026-09-12)",,2026-09-12,current-at-access,Source presence only,Repository seed source field,UNVERIFIED,repository_static_scan,machine-audit,2026-09-12,sha256:de84182de37b9b888d17e58563d38afaa4cacb14c09eb12041c72a2b4e304c7f,URL presence is not claim support
cond-cat-kidney-disease-guide-source-presence-2,cond-cat-kidney-disease-guide,A source reference is present in the seed record,source_metadata,cond-cat-kidney-disease-guide-source-2,,,"https://www.iris-kidney.com/iris-guidelines-1 — International Renal Interest Society, IRIS Guidelines (accessed 2026-09-12)",,2026-09-12,current-at-access,Source presence only,Repository seed source field,UNVERIFIED,repository_static_scan,machine-audit,2026-09-12,sha256:de84182de37b9b888d17e58563d38afaa4cacb14c09eb12041c72a2b4e304c7f,URL presence is not claim support
blog-162-source-presence-1,blog-162,A source reference is present in the seed record,source_metadata,blog-162-source-1,,,"https://www.merckvetmanual.com/special-pet-topics/emergencies/what-to-do-in-a-dog-or-cat-emergency — Merck Veterinary Manual, What to Do in a Dog or Cat Emergency",,2026-09-12,current-at-access,Source presence only,Repository seed source field,UNVERIFIED,repository_static_scan,machine-audit,2026-09-12,sha256:174f7b272ee78cefa744a8cdc400611a5ebe394a26b3fe2d40027fa3570784f2,URL presence is not claim support
blog-162-source-presence-2,blog-162,A source reference is present in the seed record,source_metadata,blog-162-source-2,,,"https://www.merckvetmanual.com/news/editorial/2025/05/28/17/27/protecting-pets-during-hot-summer-months — Merck Veterinary Manual, Protecting Pets During Hot Summer Months (2025)",,2026-09-12,current-at-access,Source presence only,Repository seed source field,UNVERIFIED,repository_static_scan,machine-audit,2026-09-12,sha256:174f7b272ee78cefa744a8cdc400611a5ebe394a26b3fe2d40027fa3570784f2,URL presence is not claim support
cond-cat-urinary-tract-disease-source-presence-1,cond-cat-urinary-tract-disease,A source reference is present in the seed record,source_metadata,cond-cat-urinary-tract-disease-source-1,,,"https://pmc.ncbi.nlm.nih.gov/articles/PMC11816079/ — International Cat Care, 2025 consensus guidelines on lower urinary tract diseases in cats",,2026-09-12,current-at-access,Source presence only,Repository seed source field,UNVERIFIED,repository_static_scan,machine-audit,2026-09-12,sha256:c7f36fc93149b5b89cc68597090fdca996e1d7b082b455d761483dd65ef698fc,URL presence is not claim support
cond-cat-vomiting-causes-source-presence-1,cond-cat-vomiting-causes,A source reference is present in the seed record,source_metadata,cond-cat-vomiting-causes-source-1,,,"https://www.merckvetmanual.com/cat-owners/digestive-disorders-of-cats/vomiting-in-cats — Merck Veterinary Manual, Vomiting in Cats (updated 2024-09)",,2026-09-12,current-at-access,Source presence only,Repository seed source field,UNVERIFIED,repository_static_scan,machine-audit,2026-09-12,sha256:c2c3d4bb8f5d994329a41503ce222c56dadc5e9033de5cb9fe6bfb249a6afdde,URL presence is not claim support
blog-233-source-presence-1,blog-233,A source reference is present in the seed record,source_metadata,blog-233-source-1,,,"https://www.merckvetmanual.com/digestive-system/diseases-of-the-rectum-and-anus/anal-sac-disease-in-dogs-and-cats — Merck Veterinary Manual, Anal Sac Disease in Dogs and Cats (reviewed 2025)",,2026-09-12,current-at-access,Source presence only,Repository seed source field,UNVERIFIED,repository_static_scan,machine-audit,2026-09-12,sha256:8a56b7336f5227b3aca76f6d726c06f2e98bc5214a31de9bab170e2864b02069,URL presence is not claim support
blog-231-source-presence-1,blog-231,A source reference is present in the seed record,source_metadata,blog-231-source-1,,,"https://www.aaha.org/resources/2019-aaha-dental-care-guidelines-for-dogs-and-cats/ — AAHA, 2019 Dental Care Guidelines for Dogs and Cats",,2026-09-12,current-at-access,Source presence only,Repository seed source field,UNVERIFIED,repository_static_scan,machine-audit,2026-09-12,sha256:c1451e7f098886d2b21a5cbe6075c2ad1b0dbaf172da8e8ef99baa46189f9681,URL presence is not claim support
blog-231-source-presence-2,blog-231,A source reference is present in the seed record,source_metadata,blog-231-source-2,,,"https://www.aaha.org/resources/2019-aaha-dental-care-guidelines-for-dogs-and-cats/considerations/ — AAHA, Dental procedures: Considerations",,2026-09-12,current-at-access,Source presence only,Repository seed source field,UNVERIFIED,repository_static_scan,machine-audit,2026-09-12,sha256:c1451e7f098886d2b21a5cbe6075c2ad1b0dbaf172da8e8ef99baa46189f9681,URL presence is not claim support
blog-231-source-presence-3,blog-231,A source reference is present in the seed record,source_metadata,blog-231-source-3,,,"https://www.aaha.org/resources/2019-aaha-dental-care-guidelines-for-dogs-and-cats/unconscious/ — AAHA, Unconscious oral evaluation",,2026-09-12,current-at-access,Source presence only,Repository seed source field,UNVERIFIED,repository_static_scan,machine-audit,2026-09-12,sha256:c1451e7f098886d2b21a5cbe6075c2ad1b0dbaf172da8e8ef99baa46189f9681,URL presence is not claim support
seed-condition-dog-disc-disease-source-presence-1,seed-condition-dog-disc-disease,A source reference is present in the seed record,source_metadata,seed-condition-dog-disc-disease-source-1,,,Brisson BA. Intervertebral Disc Disease in Dogs. Vet Clin North Am Small Anim Pract. 2010,,2026-09-12,current-at-access,Source presence only,Repository seed source field,UNVERIFIED,repository_static_scan,machine-audit,2026-09-12,sha256:4baf9eaaf8a78da543065e3deb1823187ae25a993e8544432eb0bfa86d120b02,URL presence is not claim support
seed-condition-dog-disc-disease-source-presence-2,seed-condition-dog-disc-disease,A source reference is present in the seed record,source_metadata,seed-condition-dog-disc-disease-source-2,,,"Dewey CW, da Costa RC. Practical Guide to Canine and Feline Neurology. Wiley (2015)",,2026-09-12,current-at-access,Source presence only,Repository seed source field,UNVERIFIED,repository_static_scan,machine-audit,2026-09-12,sha256:4baf9eaaf8a78da543065e3deb1823187ae25a993e8544432eb0bfa86d120b02,URL presence is not claim support
seed-condition-dog-disc-disease-source-presence-3,seed-condition-dog-disc-disease,A source reference is present in the seed record,source_metadata,seed-condition-dog-disc-disease-source-3,,,대한수의사회 소동물 신경외과 임상 가이드 (2023),,2026-09-12,current-at-access,Source presence only,Repository seed source field,UNVERIFIED,repository_static_scan,machine-audit,2026-09-12,sha256:4baf9eaaf8a78da543065e3deb1823187ae25a993e8544432eb0bfa86d120b02,URL presence is not claim support
blog-163-source-presence-1,blog-163,A source reference is present in the seed record,source_metadata,blog-163-source-1,,,"https://www.merckvetmanual.com/dog-owners/eye-disorders-of-dogs/disorders-of-the-cornea-in-dogs — Merck Veterinary Manual, Disorders of the Cornea in Dogs (updated 2024)",,2026-09-12,current-at-access,Source presence only,Repository seed source field,UNVERIFIED,repository_static_scan,machine-audit,2026-09-12,sha256:0200b24216253ca7ef637d020667ddd10a30a1b8a13caba0ab535b955145c6b0,URL presence is not claim support
blog-163-source-presence-2,blog-163,A source reference is present in the seed record,source_metadata,blog-163-source-2,,,"https://www.merckvetmanual.com/eye-diseases-and-disorders/ophthalmology/nasolacrimal-and-lacrimal-apparatus-in-animals — Merck Veterinary Manual, Nasolacrimal and Lacrimal Apparatus in Animals",,2026-09-12,current-at-access,Source presence only,Repository seed source field,UNVERIFIED,repository_static_scan,machine-audit,2026-09-12,sha256:0200b24216253ca7ef637d020667ddd10a30a1b8a13caba0ab535b955145c6b0,URL presence is not claim support
blog-163-source-presence-3,blog-163,A source reference is present in the seed record,source_metadata,blog-163-source-3,,,"https://www.merckvetmanual.com/emergency-medicine-and-critical-care/ophthalmic-emergencies-in-small-animals/acute-glaucoma-in-small-animals — Merck Veterinary Manual, Acute Glaucoma in Small Animals",,2026-09-12,current-at-access,Source presence only,Repository seed source field,UNVERIFIED,repository_static_scan,machine-audit,2026-09-12,sha256:0200b24216253ca7ef637d020667ddd10a30a1b8a13caba0ab535b955145c6b0,URL presence is not claim support
blog-167-source-presence-1,blog-167,A source reference is present in the seed record,source_metadata,blog-167-source-1,,,"https://www.fda.gov/consumers/consumer-updates/safe-use-flea-and-tick-products-pets — FDA, Safe Use of Flea and Tick Products in Pets",,2026-09-12,current-at-access,Source presence only,Repository seed source field,UNVERIFIED,repository_static_scan,machine-audit,2026-09-12,sha256:691f137483813d4d58b12ae722fab6e893d80b9fc5ccdfbf65e2cb897863ffbf,URL presence is not claim support
blog-167-source-presence-2,blog-167,A source reference is present in the seed record,source_metadata,blog-167-source-2,,,"https://www.epa.gov/pets/controlling-fleas-and-ticks-your-pet — EPA, Controlling Fleas and Ticks on Your Pet",,2026-09-12,current-at-access,Source presence only,Repository seed source field,UNVERIFIED,repository_static_scan,machine-audit,2026-09-12,sha256:691f137483813d4d58b12ae722fab6e893d80b9fc5ccdfbf65e2cb897863ffbf,URL presence is not claim support
blog-167-source-presence-3,blog-167,A source reference is present in the seed record,source_metadata,blog-167-source-3,,,"https://capcvet.org/guidelines/fleas/ — CAPC, Fleas",,2026-09-12,current-at-access,Source presence only,Repository seed source field,UNVERIFIED,repository_static_scan,machine-audit,2026-09-12,sha256:691f137483813d4d58b12ae722fab6e893d80b9fc5ccdfbf65e2cb897863ffbf,URL presence is not claim support
cond-dog-heartworm-prevention-source-presence-1,cond-dog-heartworm-prevention,A source reference is present in the seed record,source_metadata,cond-dog-heartworm-prevention-source-1,,,"https://www.heartwormsociety.org/veterinary-resources/american-heartworm-society-guidelines/canine — American Heartworm Society, Canine Guidelines (revised 2024)",,2026-09-12,current-at-access,Source presence only,Repository seed source field,UNVERIFIED,repository_static_scan,machine-audit,2026-09-12,sha256:1a7a060804eafd20699d6e8292dd7e1c687934cee155e3bee58135269a16f019,URL presence is not claim support
blog-170-source-presence-1,blog-170,A source reference is present in the seed record,source_metadata,blog-170-source-1,,,"https://www.heartwormsociety.org/veterinary-resources/american-heartworm-society-guidelines/canine — American Heartworm Society, Canine Guidelines",,2026-09-12,current-at-access,Source presence only,Repository seed source field,UNVERIFIED,repository_static_scan,machine-audit,2026-09-12,sha256:8edd701b8655c9cf7233ccf7451e886ed5da3936aaa33cb16b27d4a450a8fa67,URL presence is not claim support
blog-170-source-presence-2,blog-170,A source reference is present in the seed record,source_metadata,blog-170-source-2,,,"https://www.heartwormsociety.org/veterinary-resources/american-heartworm-society-guidelines — American Heartworm Society, Guidelines overview",,2026-09-12,current-at-access,Source presence only,Repository seed source field,UNVERIFIED,repository_static_scan,machine-audit,2026-09-12,sha256:8edd701b8655c9cf7233ccf7451e886ed5da3936aaa33cb16b27d4a450a8fa67,URL presence is not claim support
blog-170-source-presence-3,blog-170,A source reference is present in the seed record,source_metadata,blog-170-source-3,,,"https://www.heartwormsociety.org/resources/clinical-faqs/exercise-restriction-advice-for-dogs-undergoing-heartworm-treatment — American Heartworm Society, Exercise restriction FAQ",,2026-09-12,current-at-access,Source presence only,Repository seed source field,UNVERIFIED,repository_static_scan,machine-audit,2026-09-12,sha256:8edd701b8655c9cf7233ccf7451e886ed5da3936aaa33cb16b27d4a450a8fa67,URL presence is not claim support
cond-dog-joint-arthritis-source-presence-1,cond-dog-joint-arthritis,A source reference is present in the seed record,source_metadata,cond-dog-joint-arthritis-source-1,,,"https://www.acvs.org/small-animal/osteoarthritis-in-dogs/ — American College of Veterinary Surgeons, Osteoarthritis in Dogs (accessed 2026-09-12)",,2026-09-12,current-at-access,Source presence only,Repository seed source field,UNVERIFIED,repository_static_scan,machine-audit,2026-09-12,sha256:5dc274c322106857fca82aa657929aa2661c41844ed904307082d4dcbc1ade25,URL presence is not claim support
cond-dog-obesity-management-source-presence-1,cond-dog-obesity-management,A source reference is present in the seed record,source_metadata,cond-dog-obesity-management-source-1,,,"https://www.aaha.org/resources/2021-aaha-nutrition-and-weight-management-guidelines/home/ — AAHA, 2021 Nutrition and Weight Management Guidelines",,2026-09-12,current-at-access,Source presence only,Repository seed source field,UNVERIFIED,repository_static_scan,machine-audit,2026-09-12,sha256:48c603b85b5f1a39bb263e4fdbf0137f5822fe691d862199ac0c52335713b85f,URL presence is not claim support
condition-dog-patellar-luxation-source-presence-1,condition-dog-patellar-luxation,A source reference is present in the seed record,source_metadata,condition-dog-patellar-luxation-source-1,,,"https://www.acvs.org/small-animal/patellar-luxations/ — American College of Veterinary Surgeons, Patellar Luxation (accessed 2026-09-12)",,2026-09-12,current-at-access,Source presence only,Repository seed source field,UNVERIFIED,repository_static_scan,machine-audit,2026-09-12,sha256:92f5707f3d7b3ed08d13cf985ab6721daa9b9e6fb58903911b4108d001f5f65c,URL presence is not claim support
seed-guide-dog-patellar-luxation-source-presence-1,seed-guide-dog-patellar-luxation,A source reference is present in the seed record,source_metadata,seed-guide-dog-patellar-luxation-source-1,,,Veterinary Surgery — Patellar Luxation in Dogs (2023),,2026-09-12,current-at-access,Source presence only,Repository seed source field,UNVERIFIED,repository_static_scan,machine-audit,2026-09-12,sha256:0809c8d9ef511449619c471ad7df6404a70f9281c57598095e34a6dbbdb067b8,URL presence is not claim support
seed-guide-dog-patellar-luxation-source-presence-2,seed-guide-dog-patellar-luxation,A source reference is present in the seed record,source_metadata,seed-guide-dog-patellar-luxation-source-2,,,대한수의사회 소동물 정형외과 가이드라인 (2022),,2026-09-12,current-at-access,Source presence only,Repository seed source field,UNVERIFIED,repository_static_scan,machine-audit,2026-09-12,sha256:0809c8d9ef511449619c471ad7df6404a70f9281c57598095e34a6dbbdb067b8,URL presence is not claim support
seed-guide-dog-patellar-luxation-source-presence-3,seed-guide-dog-patellar-luxation,A source reference is present in the seed record,source_metadata,seed-guide-dog-patellar-luxation-source-3,,,American College of Veterinary Surgeons — Patellar Luxation (2024),,2026-09-12,current-at-access,Source presence only,Repository seed source field,UNVERIFIED,repository_static_scan,machine-audit,2026-09-12,sha256:0809c8d9ef511449619c471ad7df6404a70f9281c57598095e34a6dbbdb067b8,URL presence is not claim support
cond-dog-patellar-luxation-source-presence-1,cond-dog-patellar-luxation,A source reference is present in the seed record,source_metadata,cond-dog-patellar-luxation-source-1,,,"https://www.acvs.org/small-animal/patellar-luxations/ — American College of Veterinary Surgeons, Patellar Luxation (accessed 2026-09-12)",,2026-09-12,current-at-access,Source presence only,Repository seed source field,UNVERIFIED,repository_static_scan,machine-audit,2026-09-12,sha256:fbfafe167d781cc26a32681f2e09766bd0af19c5abeda794fa531f97cf5d6fd1,URL presence is not claim support
blog-161-source-presence-1,blog-161,A source reference is present in the seed record,source_metadata,blog-161-source-1,,,"https://www.aaha.org/resources/how-to-protect-dog-paws-from-hot-pavement/ — AAHA, How to Protect Your Dog's Paws from Hot Pavement (2026)",,2026-09-12,current-at-access,Source presence only,Repository seed source field,UNVERIFIED,repository_static_scan,machine-audit,2026-09-12,sha256:306326647646c637ac1abbcea3bc7c801a8a6a843cf062b0103d7f89178fde4b,URL presence is not claim support
blog-161-source-presence-2,blog-161,A source reference is present in the seed record,source_metadata,blog-161-source-2,,,"https://www.merckvetmanual.com/toxicology/toxicosis-from-human-topical-agents/toxicosis-in-animals-from-human-topical-agents — Merck Veterinary Manual, Toxicosis in Animals from Human Topical Agents",,2026-09-12,current-at-access,Source presence only,Repository seed source field,UNVERIFIED,repository_static_scan,machine-audit,2026-09-12,sha256:306326647646c637ac1abbcea3bc7c801a8a6a843cf062b0103d7f89178fde4b,URL presence is not claim support
blog-324-source-presence-1,blog-324,A source reference is present in the seed record,source_metadata,blog-324-source-1,,,American Kennel Club — Dog Paw Care Guide,,2026-09-12,current-at-access,Source presence only,Repository seed source field,UNVERIFIED,repository_static_scan,machine-audit,2026-09-12,sha256:54afb0967e5b8426f3ee50dc714c8ed8491af7833529c379c7c94c5ae953b537,URL presence is not claim support
blog-324-source-presence-2,blog-324,A source reference is present in the seed record,source_metadata,blog-324-source-2,,,Veterinary Partner — Nail Trimming in Dogs,,2026-09-12,current-at-access,Source presence only,Repository seed source field,UNVERIFIED,repository_static_scan,machine-audit,2026-09-12,sha256:54afb0967e5b8426f3ee50dc714c8ed8491af7833529c379c7c94c5ae953b537,URL presence is not claim support
blog-324-source-presence-3,blog-324,A source reference is present in the seed record,source_metadata,blog-324-source-3,,,한국수의피부과학회 반려동물 발 피부염 관리 가이드,,2026-09-12,current-at-access,Source presence only,Repository seed source field,UNVERIFIED,repository_static_scan,machine-audit,2026-09-12,sha256:54afb0967e5b8426f3ee50dc714c8ed8491af7833529c379c7c94c5ae953b537,URL presence is not claim support
cond-dog-separation-anxiety-source-presence-1,cond-dog-separation-anxiety,A source reference is present in the seed record,source_metadata,cond-dog-separation-anxiety-source-1,,,"https://www.merckvetmanual.com/dog-owners/behavior-of-dogs/separation-anxiety-in-dogs — Merck Veterinary Manual, Separation Anxiety in Dogs (accessed 2026-09-12)",,2026-09-12,current-at-access,Source presence only,Repository seed source field,UNVERIFIED,repository_static_scan,machine-audit,2026-09-12,sha256:bd0af234fa83c36770073f3239e293802daec70a474f701fa6ea671e1ca94e8f,URL presence is not claim support
cond-dog-skin-allergy-guide-source-presence-1,cond-dog-skin-allergy-guide,A source reference is present in the seed record,source_metadata,cond-dog-skin-allergy-guide-source-1,,,"https://www.merckvetmanual.com/dog-owners/skin-disorders-of-dogs/atopic-dermatitis-in-dogs — Merck Veterinary Manual, Atopic Dermatitis in Dogs (accessed 2026-09-12)",,2026-09-12,current-at-access,Source presence only,Repository seed source field,UNVERIFIED,repository_static_scan,machine-audit,2026-09-12,sha256:d8758a8fbd03f61d3f68ed49faebcfc80ce65db0f1f128b769d81e420317542a,URL presence is not claim support
blog-165-source-presence-1,blog-165,A source reference is present in the seed record,source_metadata,blog-165-source-1,,,"https://www.merckvetmanual.com/integumentary-system/atopic-skin-conditions-in-dogs-and-cats/atopic-dermatitis-in-dogs — Merck Veterinary Manual, Atopic Dermatitis in Dogs (reviewed 2026)",,2026-09-12,current-at-access,Source presence only,Repository seed source field,UNVERIFIED,repository_static_scan,machine-audit,2026-09-12,sha256:c0669d72d8a64555ffdaa7e84bd5a088b9010081f4e021b80252633bc2bdd216,URL presence is not claim support
blog-165-source-presence-2,blog-165,A source reference is present in the seed record,source_metadata,blog-165-source-2,,,"https://www.merckvetmanual.com/dog-owners/skin-disorders-of-dogs/itching-pruritus-in-dogs — Merck Veterinary Manual, Itching (Pruritus) in Dogs",,2026-09-12,current-at-access,Source presence only,Repository seed source field,UNVERIFIED,repository_static_scan,machine-audit,2026-09-12,sha256:c0669d72d8a64555ffdaa7e84bd5a088b9010081f4e021b80252633bc2bdd216,URL presence is not claim support
blog-198-source-presence-1,blog-198,A source reference is present in the seed record,source_metadata,blog-198-source-1,,,"https://www.aaha.org/resources/how-to-protect-dog-paws-from-hot-pavement/ — AAHA, How to Protect Dog Paws From Hot Pavement (updated 2026)",,2026-09-12,current-at-access,Source presence only,Repository seed source field,UNVERIFIED,repository_static_scan,machine-audit,2026-09-12,sha256:4e02e4298015e30e65a44f77b96c175726b7da3c573834513a69a51e0317e88a,URL presence is not claim support
blog-198-source-presence-2,blog-198,A source reference is present in the seed record,source_metadata,blog-198-source-2,,,"https://science.rspca.org.uk/en/web/rspca/adviceandwelfare/pets/dogs/health/hotwalks — RSPCA, Dogs Die on Hot Walks",,2026-09-12,current-at-access,Source presence only,Repository seed source field,UNVERIFIED,repository_static_scan,machine-audit,2026-09-12,sha256:4e02e4298015e30e65a44f77b96c175726b7da3c573834513a69a51e0317e88a,URL presence is not claim support
blog-213-source-presence-1,blog-213,A source reference is present in the seed record,source_metadata,blog-213-source-1,,,"https://www.law.go.kr/LSW/lsInfoP.do?lsiSeq=259085 — 국가법령정보센터, 수의사법 제12조·제41조",,2026-09-12,current-at-access,Source presence only,Repository seed source field,UNVERIFIED,repository_static_scan,machine-audit,2026-09-12,sha256:444d32d9f38a559281dad7fc182d463b21c6b65a32c658592a516e9ae6686656,URL presence is not claim support
blog-213-source-presence-2,blog-213,A source reference is present in the seed record,source_metadata,blog-213-source-2,,,"https://ebusiness.avma.org/files/ProductDownloads/mcm-client-brochures-pet-first-aid-2025.pdf — AVMA, Pet First Aid (2025)",,2026-09-12,current-at-access,Source presence only,Repository seed source field,UNVERIFIED,repository_static_scan,machine-audit,2026-09-12,sha256:444d32d9f38a559281dad7fc182d463b21c6b65a32c658592a516e9ae6686656,URL presence is not claim support
blog-197-source-presence-1,blog-197,A source reference is present in the seed record,source_metadata,blog-197-source-1,,,"https://www.merckvetmanual.com/integumentary-system/atopic-skin-conditions-in-dogs-and-cats/atopic-dermatitis-in-dogs — Merck Veterinary Manual, Atopic Dermatitis in Dogs (reviewed 2026)",,2026-09-12,current-at-access,Source presence only,Repository seed source field,UNVERIFIED,repository_static_scan,machine-audit,2026-09-12,sha256:f1e3b7f5ba6a67ad71f445c305e52a58203e7f0d486d947c2a300629b0cc5c8b,URL presence is not claim support
blog-197-source-presence-2,blog-197,A source reference is present in the seed record,source_metadata,blog-197-source-2,,,"https://www.merckvetmanual.com/integumentary-system/integumentary-system-introduction/diagnosis-of-skin-diseases-in-small-animals — Merck Veterinary Manual, Diagnosis of Skin Diseases in Small Animals",,2026-09-12,current-at-access,Source presence only,Repository seed source field,UNVERIFIED,repository_static_scan,machine-audit,2026-09-12,sha256:f1e3b7f5ba6a67ad71f445c305e52a58203e7f0d486d947c2a300629b0cc5c8b,URL presence is not claim support
blog-164-source-presence-1,blog-164,A source reference is present in the seed record,source_metadata,blog-164-source-1,,,"https://ebusiness.avma.org/files/ProductDownloads/mcm-client-brochures-pet-first-aid-2025.pdf — AVMA, Pet First Aid (2025)",,2026-09-12,current-at-access,Source presence only,Repository seed source field,UNVERIFIED,repository_static_scan,machine-audit,2026-09-12,sha256:aa91c6230bb307af657fa3a288628735304759808cf425945b198e709f67aca3,URL presence is not claim support
blog-164-source-presence-2,blog-164,A source reference is present in the seed record,source_metadata,blog-164-source-2,,,"https://ebusiness.avma.org/files/productdownloads/LR_COM_FirstAid_010816.pdf — AVMA, Pet First Aid Kit Checklist",,2026-09-12,current-at-access,Source presence only,Repository seed source field,UNVERIFIED,repository_static_scan,machine-audit,2026-09-12,sha256:aa91c6230bb307af657fa3a288628735304759808cf425945b198e709f67aca3,URL presence is not claim support
blog-453-source-presence-1,blog-453,A source reference is present in the seed record,source_metadata,blog-453-source-1,,,American Animal Hospital Association — Help! Is This a Pet Emergency? (2024-09-05) https://www.aaha.org/resources/help-is-this-a-pet-emergency/,,2026-09-12,current-at-access,Source presence only,Repository seed source field,UNVERIFIED,repository_static_scan,machine-audit,2026-09-12,sha256:8b2eec3a46f5546eb97ce5d8fc018abed35f2cda95a63adb8854ae57d1f3d5bb,URL presence is not claim support
blog-453-source-presence-2,blog-453,A source reference is present in the seed record,source_metadata,blog-453-source-2,,,American Veterinary Medical Association — Pet First Aid (2025) https://ebusiness.avma.org/files/ProductDownloads/mcm-client-brochures-pet-first-aid-2025.pdf,,2026-09-12,current-at-access,Source presence only,Repository seed source field,UNVERIFIED,repository_static_scan,machine-audit,2026-09-12,sha256:8b2eec3a46f5546eb97ce5d8fc018abed35f2cda95a63adb8854ae57d1f3d5bb,URL presence is not claim support
seed-guide-pet-first-aid-source-presence-1,seed-guide-pet-first-aid,A source reference is present in the seed record,source_metadata,seed-guide-pet-first-aid-source-1,,,"https://www.redcross.org/take-a-class/resources/learn-pet-first-aid — American Red Cross, Learn Pet First Aid for Emergencies",,2026-09-12,current-at-access,Source presence only,Repository seed source field,UNVERIFIED,repository_static_scan,machine-audit,2026-09-12,sha256:675d2a750f683e8176f1ee3302bd685498a8fd380829f7b331ddf23c04040cef,URL presence is not claim support
seed-guide-pet-first-aid-source-presence-2,seed-guide-pet-first-aid,A source reference is present in the seed record,source_metadata,seed-guide-pet-first-aid-source-2,,,"https://www.bsava.com/wp-content/uploads/2026/01/21289-Publications-Catalogue-2026-A5-Landscape.pdf — BSAVA Manual of Practical Animal Care, 1st ed. (2007; reprinted with updates)",,2026-09-12,current-at-access,Source presence only,Repository seed source field,UNVERIFIED,repository_static_scan,machine-audit,2026-09-12,sha256:675d2a750f683e8176f1ee3302bd685498a8fd380829f7b331ddf23c04040cef,URL presence is not claim support
blog-155-source-presence-1,blog-155,A source reference is present in the seed record,source_metadata,blog-155-source-1,,,"https://www.aafco.org/consumers/understanding-pet-food/selecting-the-right-pet-food — AAFCO, Selecting the Right Pet Food",,2026-09-12,current-at-access,Source presence only,Repository seed source field,UNVERIFIED,repository_static_scan,machine-audit,2026-09-12,sha256:99905df9cd15f99ddff6219c51c1bf077d48eb34f70aecf4d9f1914f921a9d0e,URL presence is not claim support
blog-155-source-presence-2,blog-155,A source reference is present in the seed record,source_metadata,blog-155-source-2,,,"https://www.aafco.org/consumers/understanding-pet-food/reading-labels — AAFCO, Reading Labels",,2026-09-12,current-at-access,Source presence only,Repository seed source field,UNVERIFIED,repository_static_scan,machine-audit,2026-09-12,sha256:99905df9cd15f99ddff6219c51c1bf077d48eb34f70aecf4d9f1914f921a9d0e,URL presence is not claim support
blog-234-source-presence-1,blog-234,A source reference is present in the seed record,source_metadata,blog-234-source-1,,,"https://www.niehs.nih.gov/health/topics/agents/allergens/pets — National Institute of Environmental Health Sciences, Pet Allergens",,2026-09-12,current-at-access,Source presence only,Repository seed source field,UNVERIFIED,repository_static_scan,machine-audit,2026-09-12,sha256:42dbb7fd241ce2b743301927b31f930924a69a1c5100ae9a222faee0aa230d05,URL presence is not claim support
blog-234-source-presence-2,blog-234,A source reference is present in the seed record,source_metadata,blog-234-source-2,,,"https://www.aaaai.org/conditions-treatments/allergies/pet-allergy — American Academy of Allergy, Asthma & Immunology, Pet Allergy",,2026-09-12,current-at-access,Source presence only,Repository seed source field,UNVERIFIED,repository_static_scan,machine-audit,2026-09-12,sha256:42dbb7fd241ce2b743301927b31f930924a69a1c5100ae9a222faee0aa230d05,URL presence is not claim support
blog-pet-registration-guide-source-presence-1,blog-pet-registration-guide,A source reference is present in the seed record,source_metadata,blog-pet-registration-guide-source-1,,,"동물보호법 제15조 및 시행령 제4조·별표 4 — 등록 대상·의무·과태료 (국가법령정보센터, 2026-09-12 확인) https://www.law.go.kr/LSW/lsSc.do?query=%EB%8F%99%EB%AC%BC%EB%B3%B4%ED%98%B8%EB%B2%95",,2026-09-12,current-at-access,Source presence only,Repository seed source field,UNVERIFIED,repository_static_scan,machine-audit,2026-09-12,sha256:3a732c4dae082a4137fa31b04922dc10948bc06c6f1b5030493d5e2c27fc9416,URL presence is not claim support
blog-pet-registration-guide-source-presence-2,blog-pet-registration-guide,A source reference is present in the seed record,source_metadata,blog-pet-registration-guide-source-2,,,"농림축산식품부 — 반려동물을 가족으로 맞이하기 위한 첫걸음, 동물등록하세요! (2026-04-29) https://www.mafra.go.kr/bbs/home/792/596971/download.do",,2026-09-12,current-at-access,Source presence only,Repository seed source field,UNVERIFIED,repository_static_scan,machine-audit,2026-09-12,sha256:3a732c4dae082a4137fa31b04922dc10948bc06c6f1b5030493d5e2c27fc9416,URL presence is not claim support
blog-pet-registration-guide-source-presence-3,blog-pet-registration-guide,A source reference is present in the seed record,source_metadata,blog-pet-registration-guide-source-3,,,국가동물보호정보시스템 — 동물등록 신청·변경 신고 https://www.animal.go.kr,,2026-09-12,current-at-access,Source presence only,Repository seed source field,UNVERIFIED,repository_static_scan,machine-audit,2026-09-12,sha256:3a732c4dae082a4137fa31b04922dc10948bc06c6f1b5030493d5e2c27fc9416,URL presence is not claim support
blog-200-source-presence-1,blog-200,A source reference is present in the seed record,source_metadata,blog-200-source-1,,,"https://www.aspca.org/pet-care/animal-poison-control/toxic-and-non-toxic-plants — ASPCA, Toxic and Non-Toxic Plants database",,2026-09-12,current-at-access,Source presence only,Repository seed source field,UNVERIFIED,repository_static_scan,machine-audit,2026-09-12,sha256:42ecc04787b6cef434c4bd29e143c15829b2afcb7c014e4219a2b05fe5e1f2eb,URL presence is not claim support
blog-200-source-presence-2,blog-200,A source reference is present in the seed record,source_metadata,blog-200-source-2,,,"https://www.merckvetmanual.com/toxicology/poisonous-plants/houseplants-and-ornamentals-toxic-to-animals — Merck Veterinary Manual, Houseplants and Ornamentals Toxic to Animals",,2026-09-12,current-at-access,Source presence only,Repository seed source field,UNVERIFIED,repository_static_scan,machine-audit,2026-09-12,sha256:42ecc04787b6cef434c4bd29e143c15829b2afcb7c014e4219a2b05fe5e1f2eb,URL presence is not claim support
blog-199-source-presence-1,blog-199,A source reference is present in the seed record,source_metadata,blog-199-source-1,,,"https://www.aspca.org/pet-care/animal-poison-control/dogs-plant-list — ASPCA, Toxic and Non-Toxic Plant List — Dogs",,2026-09-12,current-at-access,Source presence only,Repository seed source field,UNVERIFIED,repository_static_scan,machine-audit,2026-09-12,sha256:d4ebe4015fabc47c88ed91a65236ccbd69a6543125b978982ebadbd9f87aee20,URL presence is not claim support
blog-199-source-presence-2,blog-199,A source reference is present in the seed record,source_metadata,blog-199-source-2,,,"https://www.aspca.org/pet-care/aspca-poison-control/toxic-and-non-toxic-plants — ASPCA, Toxic and Non-Toxic Plants database",,2026-09-12,current-at-access,Source presence only,Repository seed source field,UNVERIFIED,repository_static_scan,machine-audit,2026-09-12,sha256:d4ebe4015fabc47c88ed91a65236ccbd69a6543125b978982ebadbd9f87aee20,URL presence is not claim support
blog-169-source-presence-1,blog-169,A source reference is present in the seed record,source_metadata,blog-169-source-1,,,"https://www.aaha.org/resources/preparing-your-pet-for-a-successful-veterinary-visit/ — AAHA, Preparing Your Pet for a Successful Veterinary Visit (2026)",,2026-09-12,current-at-access,Source presence only,Repository seed source field,UNVERIFIED,repository_static_scan,machine-audit,2026-09-12,sha256:58e56fab980abdda22d81bcbad384ec7e9294b53cadde32f3d780eeae72220dd,URL presence is not claim support
blog-169-source-presence-2,blog-169,A source reference is present in the seed record,source_metadata,blog-169-source-2,,,"https://www.aaha.org/resources/2025-aaha-referral-guidelines/section-3-responsibilities-before-referral/ — AAHA, Responsibilities Before Referral",,2026-09-12,current-at-access,Source presence only,Repository seed source field,UNVERIFIED,repository_static_scan,machine-audit,2026-09-12,sha256:58e56fab980abdda22d81bcbad384ec7e9294b53cadde32f3d780eeae72220dd,URL presence is not claim support
blog-169-source-presence-3,blog-169,A source reference is present in the seed record,source_metadata,blog-169-source-3,,,"https://www.aaha.org/resources/2020-aaha-anesthesia-and-monitoring-guidelines-for-dogs-and-cats/phase-2-day-of-anesthesia/step-1-anesthesia-begins-at-home/ — AAHA, Anesthesia Begins at Home",,2026-09-12,current-at-access,Source presence only,Repository seed source field,UNVERIFIED,repository_static_scan,machine-audit,2026-09-12,sha256:58e56fab980abdda22d81bcbad384ec7e9294b53cadde32f3d780eeae72220dd,URL presence is not claim support
blog-puppy-first-week-guide-source-presence-1,blog-puppy-first-week-guide,A source reference is present in the seed record,source_metadata,blog-puppy-first-week-guide-source-1,,,"https://ebusiness.avma.org/files/productdownloads/SelectDog_En.pdf — AVMA, Selecting a Dog",,2026-09-12,current-at-access,Source presence only,Repository seed source field,UNVERIFIED,repository_static_scan,machine-audit,2026-09-12,sha256:af36fd30b51fc812eef58ad7ac5a97f23cbd8bcc841a3eebe6cdcd388b174991,URL presence is not claim support
blog-puppy-first-week-guide-source-presence-2,blog-puppy-first-week-guide,A source reference is present in the seed record,source_metadata,blog-puppy-first-week-guide-source-2,,,ASPCA — Bringing Your New Dog Home,,2026-09-12,current-at-access,Source presence only,Repository seed source field,UNVERIFIED,repository_static_scan,machine-audit,2026-09-12,sha256:af36fd30b51fc812eef58ad7ac5a97f23cbd8bcc841a3eebe6cdcd388b174991,URL presence is not claim support
blog-puppy-first-week-guide-source-presence-3,blog-puppy-first-week-guide,A source reference is present in the seed record,source_metadata,blog-puppy-first-week-guide-source-3,,,농림축산식품부 — 반려동물 입양 후 관리 가이드,,2026-09-12,current-at-access,Source presence only,Repository seed source field,UNVERIFIED,repository_static_scan,machine-audit,2026-09-12,sha256:af36fd30b51fc812eef58ad7ac5a97f23cbd8bcc841a3eebe6cdcd388b174991,URL presence is not claim support
