url,type,status,published_at,title,source_count,stat_candidates,cat_akc_flag,seed_file
/blog/adult-cat-adoption-guide,blog,published,2026-07-17,"성묘 입양의 모든 것 — 새끼 고양이보다 쉬운 이유",3,0,,blog-posts-49.ts
/blog/adult-dog-socialization-guide,blog,published,2026-11-14,"성견 사회화 — 어릴 때 놓친 것, 성견이 되어서도 가능한가",2,0,,blog-posts-97.ts
/blog/animal-abuse-neglect-report-guide,blog,published,2026-06-03,"반려동물 학대·방치 신고 절차 — 목격했을 때 어떻게 해야 하나",3,0,,blog-posts-27.ts
/blog/animal-abuse-reporting-guide,blog,published,2026-09-11,"동물학대 신고 — 어떻게, 어디에 신고해야 하나",2,0,,blog-posts-71.ts
/blog/animal-cruelty-reporting-guide,blog,published,2026-06-26,"동물 학대를 목격했을 때 — 신고 절차와 보호자가 알아야 할 법적 권리",3,0,,blog-posts-40.ts
/blog/animal-protection-law-guide,blog,published,,"2024년 동물보호법 핵심 정리 — 보호자가 알아야 할 의무와 권리",3,0,,blog-posts-9.ts
/blog/animal-registration-change-cancel-guide,blog,published,2026-06-02,"동물등록 변경·말소 신청 방법 — 이사·분양·사망 시 어떻게 하나",3,0,,blog-posts-25.ts
/blog/animal-registration-chip-guide,blog,published,2026-09-19,"동물등록·마이크로칩 완전 가이드 — 신청부터 조회까지",2,0,,blog-posts-74.ts
/blog/anticipatory-grief-pet-guide,blog,published,2026-11-23,"예기 슬픔 — 반려동물이 아직 살아있는데 이미 슬픈 이유",2,0,,blog-posts-100.ts
/blog/anxiety-vest-thunder-shirt-guide,blog,published,2026-08-27,"강아지 불안 조끼(썬더셔츠) — 효과가 있는지, 언제 사용하는지",2,0,,blog-posts-65.ts
/blog/apartment-pet-dispute-guide,blog,published,,"아파트에서 반려동물로 인한 분쟁 — 법적 기준과 해결 방법",3,0,,blog-posts-10.ts
/blog/autumn-pet-care-guide,blog,published,2026-07-29,"가을 반려동물 케어 — 털갈이·건조함·진드기 시즌을 대비하는 방법",3,0,,blog-posts-53.ts
/blog/blind-deaf-dog-adoption-guide,blog,published,2027-01-22,"시각·청각 장애견 입양 — 특수 요구 반려견과 함께",2,0,,blog-posts-124.ts
/blog/breed-specific-legislation-korea,blog,published,2026-12-28,"한국 견종 규제법 — 맹견 지정 기준과 보호자 의무",2,0,,blog-posts-114.ts
/blog/british-shorthair-care-guide,blog,published,2026-06-23,"브리티시 숏헤어 완전 케어 가이드 — 특성·건강·생활",0,0,,blog-posts-19.ts
/blog/cat-adoption-checklist,blog,published,2026-06-19,"고양이 입양 전 체크리스트 — 퍼스트캣 준비물부터 성격 맞춤까지",3,0,,blog-posts-37.ts
/blog/cat-anal-gland-guide,blog,published,2026-07-02,"고양이 항문낭 완전 가이드 — 강아지와 다른 케어 포인트",1,0,,blog-posts-24.ts
/blog/cat-aortic-thromboembolism-guide,blog,published,2026-11-29,"고양이 대동맥 혈전 색전증 — 갑자기 뒷다리가 마비되는 응급",2,0,,blog-posts-103.ts
/blog/cat-appetite-loss-guide,blog,published,,"고양이 밥 안 먹을 때 — 원인과 식욕 돌리는 방법",3,0,,blog-posts-12.ts
/blog/cat-asthma-bronchitis-guide,blog,published,2026-08-02,"고양이 천식·기관지염 — 기침하는 고양이, 헤어볼인지 천식인지",3,0,,blog-posts-55.ts
/blog/cat-asthma-chronic-cough,blog,published,2027-01-21,"고양이 천식 — 기침·헥헥거림이 반복될 때",2,0,,blog-posts-124.ts
/blog/cat-biting-scratching-correction,blog,published,2026-07-19,"고양이가 물고 할퀴는 행동 교정 — 공격이 아닌 의사소통임을 이해하기",3,0,,blog-posts-49.ts
/blog/cat-body-language-guide,blog,published,2026-10-29,"고양이 바디랭귀지 — '괜찮아요'와 '그만해요'를 구분하는 방법",2,0,,blog-posts-90.ts
/blog/cat-breed-guide-personality-environment,blog,published,2026-06-03,"고양이 품종별 성격 완전 비교 — 활동량·친화도·독립성으로 고르는 법",3,0,,blog-posts-28.ts
/blog/cat-breed-personality-before-adoption,blog,published,2027-01-12,"고양이 품종별 성격 특성 — 입양 전 알아야 할 현실",2,0,,blog-posts-120.ts
/blog/cat-breed-selection-guide,blog,published,,"고양이 품종 선택 가이드 — 성격과 환경에 맞는 품종 고르는 법",3,0,,blog-posts-4.ts
/blog/cat-calorie-calculation-obesity-prevention,blog,published,2027-01-20,"고양이 사료 칼로리 계산 — 비만 예방 급여량 기준",2,1,,blog-posts-123.ts
/blog/cat-carbohydrate-diet-truth,blog,published,2026-08-01,"고양이에게 탄수화물이 나쁜가 — 그레인프리 열풍의 진실",3,0,,blog-posts-55.ts
/blog/cat-cardboard-box-psychology,blog,published,2026-08-27,"고양이가 박스를 좋아하는 이유 — 과학으로 읽는 고양이 심리",2,0,,blog-posts-65.ts
/blog/cat-carrier-training-guide,blog,published,2026-06-15,"고양이 이동장 적응 훈련 — 스트레스 없이 이동하는 법",0,1,,blog-posts-15.ts
/blog/cat-chronic-gingivitis-prevention,blog,published,2026-12-06,"고양이 만성 치은염 예방 — 매일 구강 관리의 실제 효과",2,0,,blog-posts-106.ts
/blog/cat-chronic-pain-recognition,blog,published,2026-09-01,"고양이 만성 통증 인지하기 — 아픔을 숨기는 동물의 신호",2,0,,blog-posts-67.ts
/blog/cat-ckd-diet-management,blog,published,2026-09-28,"고양이 CKD 식이 관리 — 신장 처방식 거부할 때 어떻게 하나",2,0,,blog-posts-78.ts
/blog/cat-clicker-training-guide,blog,published,,"고양이 클리커 훈련 — 고양이도 훈련이 가능하다",3,0,,blog-posts-12.ts
/blog/cat-coat-color-personality-myth,blog,published,2026-08-18,"삼색 고양이·고등어 고양이 — 색깔로 성격을 판단해도 될까",2,0,,blog-posts-61.ts
/blog/cat-cold-weather-guide,blog,published,2026-06-25,"고양이 추운 날씨 케어 가이드 — 저체온·건조·실내 환경 관리",0,0,,blog-posts-20.ts
/blog/cat-conjunctivitis-guide,blog,published,,"고양이 결막염 — 눈이 빨갛고 눈곱이 심하다면",3,0,,blog-posts-8.ts
/blog/cat-conjunctivitis-home-vs-vet,blog,published,2026-12-27,"고양이 결막염 — 집에서 할 수 있는 것과 없는 것",2,0,,blog-posts-114.ts
/blog/cat-constipation-guide,blog,published,,"고양이 변비 — 원인·증상·응급 신호·집에서 할 수 있는 것",3,0,,blog-posts-8.ts
/blog/cat-corneal-eye-injury-guide,blog,published,2026-08-23,"고양이 눈 상처·각막 궤양 — 찡그린 눈을 지나치면 안 되는 이유",2,0,,blog-posts-64.ts
/blog/cat-corneal-ulcer-guide,blog,published,2026-12-12,"고양이 각막 궤양 — 눈 비비는 행동, 집에서 기다리면 안 되는 이유",2,0,,blog-posts-108.ts
/blog/cat-daily-food-amount-guide,blog,published,2026-09-15,"고양이 하루 사료 적정량 — 눈대중으로 주면 안 되는 이유",2,0,,blog-posts-73.ts
/blog/cat-dental-care,blog,published,2026-05-03,"고양이 치아·구강 관리 — 칫솔질부터 스케일링까지",3,1,,blog-posts-3.ts
/blog/cat-dental-care-complete,blog,published,2026-07-09,"고양이 치아 관리 완전 가이드 — 칫솔질부터 치과 처치까지",3,0,,blog-posts-46.ts
/blog/cat-dental-care-home-guide,blog,published,2026-10-28,"고양이 치아 관리 — 칫솔질을 싫어하는 고양이 설득하는 방법",2,0,,blog-posts-90.ts
/blog/cat-dental-extraction-recovery,blog,published,2027-01-14,"고양이 발치 후 회복 — 수술 후 식이와 통증 관리",2,0,,blog-posts-121.ts
/blog/cat-diabetes-insulin-guide,blog,published,2026-10-08,"고양이 당뇨 — 인슐린 투여와 관해(Remission)를 위한 핵심 관리",2,0,,blog-posts-82.ts
/blog/cat-diabetes-management,blog,published,,"고양이 당뇨 — 진단 후 일상 관리 완전 가이드",3,1,,blog-posts-7.ts
/blog/cat-diabetes-management-guide,blog,published,2026-08-09,"고양이 당뇨 — 진단 후 집에서 관리하는 방법",3,0,,blog-posts-58.ts
/blog/cat-dog-first-meeting-guide,blog,published,2026-11-22,"고양이와 강아지 첫 만남 — 평화로운 공존을 위한 단계별 방법",2,0,,blog-posts-100.ts
/blog/cat-dog-harmony-guide,blog,published,2026-07-01,"고양이와 강아지 평화로운 공존 — 관계 심화 완전 가이드",0,1,,blog-posts-23.ts
/blog/cat-elimination-diet-guide,blog,published,2026-09-12,"고양이 알레르기 제거 식이 — 제대로 하는 방법과 흔한 실수",2,0,,blog-posts-71.ts
/blog/cat-enrichment-toys-guide,blog,published,2026-11-10,"고양이 장난감 선택 완전 가이드 — 어떤 장난감이 왜 좋은가",2,0,,blog-posts-95.ts
/blog/cat-environmental-enrichment,blog,published,,"고양이 환경 풍요화 — 실내 고양이의 삶을 풍요롭게 만드는 방법",3,0,,blog-posts-11.ts
/blog/cat-euthanasia-preparation,blog,published,2026-09-07,"고양이 안락사 — 결정 전에 알아야 할 것들",2,0,,blog-posts-69.ts
/blog/cat-eye-discharge-guide,blog,published,2026-05-22,"고양이 눈곱이 많아졌다면 — 원인별 증상과 대처법",4,0,,blog-posts.ts
/blog/cat-feline-hypertension-symptoms-management,blog,published,2026-06-09,"고양이 고혈압 — 증상이 거의 없는 침묵의 질환, 어떻게 발견하나",3,0,,blog-posts-34.ts
/blog/cat-felv-guide,blog,published,,"고양이 백혈병 바이러스(FeLV) — 감염 경로·검사·관리 완전 정리",3,1,,blog-posts-9.ts
/blog/cat-felv-management-guide,blog,published,2026-11-20,"고양이 FeLV(백혈병 바이러스) — 진단 후 알아야 할 것",2,0,,blog-posts-99.ts
/blog/cat-fip-gs441524-treatment,blog,published,2026-09-22,"고양이 FIP 신약 GS-441524 — 불치에서 치료 가능으로 바뀐 질환",2,0,,blog-posts-76.ts
/blog/cat-fip-guide,blog,published,,"고양이 전염성 복막염(FIP) — 최신 치료까지 알아야 할 것",3,0,,blog-posts-9.ts
/blog/cat-fip-new-treatment-guide,blog,published,2027-01-01,"고양이 FIP(전염성 복막염) — 새로운 치료제 현황",2,0,,blog-posts-116.ts
/blog/cat-fip-treatment-guide,blog,published,2026-07-15,"고양이 FIP(전염성 복막염) — 한때 불치였던 병이 치료 가능해진 현재",3,0,,blog-posts-48.ts
/blog/cat-first-adoption-kit,blog,published,2026-03-02,"고양이 처음 입양 전 준비물 체크리스트",3,0,,blog-posts-3.ts
/blog/cat-fiv-felv-testing-guide,blog,published,2026-07-25,"고양이 에이즈(FIV)·백혈병(FeLV) — 검사·관리·함께 사는 법",3,0,,blog-posts-52.ts
/blog/cat-fiv-guide,blog,published,,"고양이 면역결핍 바이러스(FIV) — 양성이어도 함께 살 수 있다",3,0,,blog-posts-9.ts
/blog/cat-fiv-management-guide,blog,published,2026-11-16,"고양이 FIV(면역결핍 바이러스) — 양성 고양이도 오래 산다",2,0,,blog-posts-98.ts
/blog/cat-flea-tick-prevention,blog,published,2026-06-19,"고양이 벼룩·진드기 예방 — 제품 선택과 관리법",3,0,,blog-posts-17.ts
/blog/cat-flutd-guide,blog,published,,"고양이 하부요로계 질환(FLUTD) — 원인·증상·예방 완전 정리",3,1,,blog-posts-7.ts
/blog/cat-flutd-lower-urinary-guide,blog,published,2026-07-20,"고양이 하부 요로기 질환(FLUTD) — 수컷 고양이 보호자가 꼭 알아야 할 것",3,0,,blog-posts-50.ts
/blog/cat-food-allergy-elimination-diet,blog,published,2026-08-06,"고양이 음식 알레르기 제거식 테스트 — 8~12주 프로토콜 완전 가이드",3,0,,blog-posts-57.ts
/blog/cat-food-label-guide,blog,published,2026-05-20,"고양이 사료 원료 표시 읽는 법 — 좋은 사료 고르는 기준",4,0,,blog-posts.ts
/blog/cat-food-label-reading-guide,blog,published,2026-11-09,"고양이 사료 라벨 완전 해독 — 브랜드 마케팅에 속지 않는 법",2,0,,blog-posts-95.ts
/blog/cat-food-palatability-tips,blog,published,2026-12-01,"고양이 밥투정 해결 — 사료를 거부하는 고양이 설득하는 방법",2,0,,blog-posts-103.ts
/blog/cat-food-transition-guide,blog,published,2026-10-20,"고양이 사료 전환 — 갑자기 바꾸면 안 되는 이유와 단계별 방법",2,0,,blog-posts-87.ts
/blog/cat-freeze-dried-raw-comparison,blog,published,2026-12-30,"고양이 동결건조 사료 vs 생식 — 어떤 것이 더 안전한가",2,0,,blog-posts-115.ts
/blog/cat-grooming-basics-guide,blog,published,2026-06-19,"고양이 그루밍 기초 — 집에서 하는 케어 루틴 완전 가이드",0,0,,blog-posts-17.ts
/blog/cat-grooming-hairball-guide,blog,published,2026-06-29,"고양이 그루밍과 헤어볼 — 스스로 잘 닦는 것 같지만 도움이 필요한 이유",3,0,,blog-posts-42.ts
/blog/cat-grooming-hairball-prevention,blog,published,,"고양이 헤어볼 예방 — 털 뭉침 줄이는 일상 관리법",3,1,,blog-posts-11.ts
/blog/cat-hairball-prevention-diet,blog,published,2026-09-08,"고양이 헤어볼 완전 정복 — 식이로 예방하는 방법",2,0,,blog-posts-70.ts
/blog/cat-hcm-daily-management,blog,published,2026-12-29,"고양이 비대성 심근병증(HCM) 일상 관리 — 진단 후 보호자가 할 일",2,0,,blog-posts-115.ts
/blog/cat-heart-disease-early-signs,blog,published,2026-06-06,"고양이 심장 질환 초기 신호 — 보호자가 먼저 알아채는 방법",3,0,,blog-posts-31.ts
/blog/cat-herpesvirus-upper-respiratory,blog,published,2027-01-04,"고양이 헤르페스 바이러스 — 평생 보균과 재발 관리",2,0,,blog-posts-117.ts
/blog/cat-hydration-tips,blog,published,2026-06-16,"고양이 수분 섭취 늘리는 법 — 물 안 마시는 고양이 완전 해결책",0,1,,blog-posts-16.ts
/blog/cat-hypertension-management,blog,published,2026-10-13,"고양이 고혈압 — 눈이 빨개지거나 갑자기 보이지 않는다면",2,0,,blog-posts-84.ts
/blog/cat-hyperthyroidism-guide,blog,published,2026-07-02,"고양이 갑상선 기능항진증 — 잘 먹는데 살이 빠진다면",3,0,,blog-posts-43.ts
/blog/cat-hyperthyroidism-symptoms,blog,published,2026-09-18,"고양이 갑상선 기능항진증 — 먹어도 살이 빠지는 노령묘의 신호",2,0,,blog-posts-74.ts
/blog/cat-hypokalemia-neck-ventroflexion,blog,published,2027-01-19,"고양이 저칼륨혈증 — 갑자기 목이 처질 때",2,0,,blog-posts-123.ts
/blog/cat-indoor-enrichment-guide,blog,published,2026-06-23,"실내 고양이 환경 풍요화 — 좁은 집에서도 충분히 행복한 고양이 만들기",3,0,,blog-posts-39.ts
/blog/cat-indoor-outdoor-transition,blog,published,2026-09-28,"외출 고양이를 실내묘로 전환 — 단계별 성공 가이드",2,0,,blog-posts-78.ts
/blog/cat-indoor-vs-outdoor,blog,published,,"실내묘 vs 실외묘 — 고양이 생활 방식 선택의 모든 것",3,1,,blog-posts-5.ts
/blog/cat-indoor-window-enrichment,blog,published,2026-09-09,"실내 고양이를 위한 창문 버드워칭 환경 만들기",2,0,,blog-posts-70.ts
/blog/cat-inflammatory-bowel-disease,blog,published,2026-08-13,"고양이 염증성 장질환(IBD) — 구토·설사·체중 감소가 반복될 때",3,0,,blog-posts-60.ts
/blog/cat-inflammatory-bowel-disease-ibd,blog,published,2027-01-11,"고양이 염증성 장질환(IBD) — 만성 구토·설사의 진짜 원인",2,0,,blog-posts-120.ts
/blog/cat-interactive-toy-guide,blog,published,2026-06-29,"고양이 인터랙티브 장난감 완전 가이드 — 사냥 본능 자극법",0,1,,blog-posts-22.ts
/blog/cat-iodine-restricted-hyperthyroid-diet,blog,published,2026-12-04,"고양이 갑상선항진증 요오드 제한 식이 — 힐스 y/d 완전 해설",2,0,,blog-posts-105.ts
/blog/cat-kidney-diet-guide,blog,published,2026-06-16,"고양이 신장 건강 식이 가이드 — 신부전 예방과 관리 식단",0,1,,blog-posts-16.ts
/blog/cat-kidney-disease-early-signs,blog,published,2026-07-01,"고양이 신장 질환 초기 신호 — 노령묘 사망 원인 1위를 조기에 발견하는 법",3,0,,blog-posts-42.ts
/blog/cat-litter-box-guide,blog,published,2026-05-19,"고양이 화장실 위치·개수·청소 주기 완벽 정리",4,0,,blog-posts.ts
/blog/cat-litter-box-placement-science,blog,published,2026-10-16,"고양이 화장실 배치의 과학 — 왜 화장실 밖에 볼일을 보는가",2,0,,blog-posts-85.ts
/blog/cat-loss-of-appetite-causes-solutions,blog,published,2026-06-11,"고양이 밥을 안 먹어요 — 원인 8가지와 집에서 할 수 있는 대처법",3,0,,blog-posts-35.ts
/blog/cat-lymphoma-guide,blog,published,2026-10-11,"고양이 림프종 — 가장 흔한 암, 그러나 치료 가능성이 있다",2,0,,blog-posts-83.ts
/blog/cat-lymphoma-most-common-cancer,blog,published,2026-12-14,"고양이 림프종 — 고양이 암 1위의 특징과 치료",2,0,,blog-posts-109.ts
/blog/cat-megacolon-chronic-constipation,blog,published,2027-01-06,"고양이 거대결장 — 만성 변비의 끝, 수술까지 가는 이유",2,0,,blog-posts-118.ts
/blog/cat-megacolon-constipation,blog,published,2026-09-06,"고양이 거대결장과 만성 변비 — 방치하면 수술까지 가는 이유",2,0,,blog-posts-69.ts
/blog/cat-moving-new-home-guide,blog,published,2026-07-14,"고양이와 이사하기 — 루틴 변화에 가장 민감한 동물의 이사 관리법",3,0,,blog-posts-47.ts
/blog/cat-nail-trimming-complete-guide,blog,published,2026-06-14,"고양이 발톱 관리 완전 가이드 — 잘라야 할 길이와 싫어하는 고양이 다루는 법",3,0,,blog-posts-36.ts
/blog/cat-nail-trimming-guide,blog,published,,"고양이 발톱 자르기 — 거부하는 고양이도 할 수 있는 방법",3,0,,blog-posts-11.ts
/blog/cat-neutering-guide,blog,published,2026-05-22,"고양이 중성화 수술 — 시기·비용·회복까지 한 번에",3,0,,blog-posts-2.ts
/blog/cat-nighttime-activity-management,blog,published,2026-10-01,"고양이 새벽 소란 — 야행성 습관을 보호자 수면과 맞추는 방법",2,0,,blog-posts-79.ts
/blog/cat-obesity-diet-management,blog,published,2026-07-11,"고양이 비만 — 통통한 것이 귀엽지만 심각한 건강 문제가 된다",3,0,,blog-posts-46.ts
/blog/cat-obesity-diet-management-guide,blog,published,2026-06-02,"고양이 비만 관리 가이드 — 체중 측정부터 다이어트 사료 전환까지 단계별",3,1,,blog-posts-26.ts
/blog/cat-omega3-fish-oil-guide,blog,published,2026-10-07,"고양이 오메가-3 — 언제, 얼마나, 어떤 제품을 줘야 하나",2,0,,blog-posts-81.ts
/blog/cat-outdoor-enclosure-guide,blog,published,2026-07-03,"고양이 야외 케이지·캣테리어 완전 가이드 — 설치부터 활용까지",0,0,,blog-posts-24.ts
/blog/cat-outdoor-safety-guide,blog,published,2026-07-03,"고양이 외출·산책 안전 가이드 — 하네스 적응부터 위험 요소까지",0,0,,blog-posts-24.ts
/blog/cat-pancreatitis-guide,blog,published,2026-12-17,"고양이 췌장염 — 증상 불명확한 이유와 진단",2,0,,blog-posts-110.ts
/blog/cat-panleukopenia-prevention,blog,published,2026-11-04,"고양이 범백혈구 감소증(범백) — 치명률 높은 바이러스, 예방이 전부",2,0,,blog-posts-93.ts
/blog/cat-pkd-polycystic-kidney,blog,published,2026-09-26,"고양이 다낭성 신장병(PKD) — 페르시안·엑조틱 보호자 필독",2,0,,blog-posts-77.ts
/blog/cat-pleural-effusion-breathing,blog,published,2026-12-24,"고양이 흉막 삼출 — 갑작스러운 호흡 곤란의 응급 원인",2,0,,blog-posts-113.ts
/blog/cat-polycystic-kidney-disease-pkd,blog,published,2027-01-09,"고양이 다낭성 신장 질환(PKD) — 유전 검사와 관리",2,0,,blog-posts-119.ts
/blog/cat-polyuria-polydipsia-workup,blog,published,2026-12-02,"고양이 물 많이 마시고 소변 많이 볼 때 — 원인 파악 방법",2,0,,blog-posts-104.ts
/blog/cat-prescription-diet-guide,blog,published,,"고양이 처방식 완전 가이드 — 질환별 사료 선택과 전환법",3,0,,blog-posts-6.ts
/blog/cat-problem-behavior-guide,blog,published,,"고양이 문제 행동 TOP 5 — 보호자를 힘들게 하는 것들의 해결책",3,1,,blog-posts-12.ts
/blog/cat-protein-quality-guide,blog,published,2026-11-13,"고양이 사료 단백질 품질 — 함량만 보면 안 되는 이유",2,0,,blog-posts-96.ts
/blog/cat-protein-requirements,blog,published,,"고양이 단백질 필요량 완벽 정리 — 육식동물의 영양 비밀",3,0,,blog-posts-5.ts
/blog/cat-puzzle-toy-guide,blog,published,2026-06-30,"고양이 퍼즐 장난감 완전 가이드 — 먹이 탐색 본능 활용하기",0,1,,blog-posts-22.ts
/blog/cat-raw-diet-guide,blog,published,,"고양이 생식 완전 가이드 — 장점·위험·안전한 도입법",3,1,,blog-posts-14.ts
/blog/cat-raw-diet-pros-cons,blog,published,2026-09-24,"고양이 생육(Raw Meat) 급여 — 지지론과 반대론의 실제 근거",2,0,,blog-posts-76.ts
/blog/cat-renal-vs-urinary-diet-guide,blog,published,2026-12-09,"고양이 신장식 vs 비뇨기식 — 어떤 차이인가",2,0,,blog-posts-107.ts
/blog/cat-respiratory-infection-guide,blog,published,2026-06-17,"고양이 상기도 감염 — 재채기·콧물·눈곱이 멈추지 않을 때",3,0,,blog-posts-37.ts
/blog/cat-respiratory-problems-guide,blog,published,,"고양이 재채기·콧물·호흡 곤란 — 원인과 응급 판단 기준",3,1,,blog-posts-8.ts
/blog/cat-ringworm-treatment,blog,published,2026-10-26,"고양이 피부사상균증(링웜) — 사람에게도 옮는 진균 감염",2,0,,blog-posts-89.ts
/blog/cat-scratch-furniture-prevention,blog,published,2026-07-06,"고양이 가구 긁기 — 막는 방법이 아닌 올바른 장소로 유도하는 방법",3,0,,blog-posts-44.ts
/blog/cat-scratcher-guide,blog,published,2026-05-22,"고양이 스크래처 종류별 비교 — 우리 고양이에게 맞는 걸 고르는 법",3,1,,blog-posts-2.ts
/blog/cat-scratching-post-selection,blog,published,2026-10-06,"고양이 스크래처 선택 — 왜 사놓은 스크래처를 안 쓰는가",2,0,,blog-posts-81.ts
/blog/cat-senior-diet-transition,blog,published,2026-06-17,"노령묘 식이 전환 가이드 — 7세부터 달라지는 영양 요구",0,0,,blog-posts-16.ts
/blog/cat-shedding-management,blog,published,,"고양이 털 빠짐 관리 — 털 날림 줄이는 실전 방법",3,0,,blog-posts-10.ts
/blog/cat-skin-problems-guide,blog,published,,"고양이 피부 문제 — 가려움·탈모·딱지 원인과 대처법",3,0,,blog-posts-7.ts
/blog/cat-sleep-patterns,blog,published,,"고양이 수면 패턴 — 하루 16시간 자는 이유와 정상 범위",3,0,,blog-posts-11.ts
/blog/cat-snack-selection-guide,blog,published,2026-06-04,"고양이 간식 잘 고르는 법 — 성분 읽기부터 급여량까지 완전 정리",3,0,,blog-posts-28.ts
/blog/cat-stomatitis-guide,blog,published,,"고양이 구내염 — 밥 안 먹고 침 흘린다면 확인해야 할 것",3,1,,blog-posts-8.ts
/blog/cat-stomatitis-long-term-management,blog,published,2026-11-11,"고양이 구내염 장기 관리 — 발치 후에도 재발하는 이유",2,1,,blog-posts-96.ts
/blog/cat-stress-signals-guide,blog,published,,"고양이 스트레스 신호 — 집사가 놓치기 쉬운 행동 10가지",3,0,,blog-posts-12.ts
/blog/cat-summer-heatstroke-prevention,blog,published,,"고양이 여름 열사병 예방 — 더위를 이기는 실내 환경 만들기",3,0,,blog-posts-10.ts
/blog/cat-summer-safety-guide,blog,published,2026-06-18,"고양이 여름 안전 가이드 — 열사병·탈수·고온 환경 관리",2,0,,blog-posts-17.ts
/blog/cat-systemic-hypertension-guide,blog,published,2026-12-19,"고양이 전신 고혈압 — 증상 없이 진행되는 침묵의 병",2,0,,blog-posts-111.ts
/blog/cat-taurine-deficiency-guide,blog,published,2026-10-25,"고양이 타우린 결핍 — 생선만 먹이면 안 되는 핵심 이유",2,0,,blog-posts-89.ts
/blog/cat-territory-marking-guide,blog,published,,"고양이 영역 표시 — 스프레이·긁기·비비기 이해하기",3,1,,blog-posts-11.ts
/blog/cat-toilet-problem-guide,blog,published,2026-06-14,"고양이 배변 실수 해결 가이드 — 원인 분석부터 재발 방지까지",0,1,,blog-posts-15.ts
/blog/cat-tower-guide,blog,published,,"고양이 캣타워 선택 완전 가이드 — 크기·재질·설치 위치",3,0,,blog-posts-14.ts
/blog/cat-toxic-foods,blog,published,,"고양이 먹으면 안 되는 음식 완전 목록 — 독성 원인까지",3,0,,blog-posts-6.ts
/blog/cat-toxic-indoor-plants-list,blog,published,2026-11-20,"고양이에게 독성인 실내 식물 — 인테리어 전에 확인해야 할 목록",2,0,,blog-posts-99.ts
/blog/cat-toxoplasmosis-guide,blog,published,2026-11-01,"고양이 톡소플라즈마 — 임신부 위험, 실제 감염 확률, 올바른 예방",2,0,,blog-posts-92.ts
/blog/cat-toy-selection-guide,blog,published,2026-08-20,"고양이 장난감 선택 가이드 — 개체별 사냥 본능에 맞는 장난감 찾기",2,0,,blog-posts-62.ts
/blog/cat-treats-guide,blog,published,,"고양이 간식 잘 고르는 법 — 성분부터 급여량까지",3,0,,blog-posts-6.ts
/blog/cat-tuna-addiction-risks,blog,published,2026-08-29,"고양이 참치 중독 — 매일 참치를 먹이면 안 되는 이유",2,0,,blog-posts-66.ts
/blog/cat-upper-respiratory-infection,blog,published,2026-11-07,"고양이 상부 호흡기 감염 — 재채기·콧물·눈곱의 원인과 관리",2,0,,blog-posts-94.ts
/blog/cat-urethral-obstruction-male-emergency,blog,published,2027-01-16,"수컷 고양이 요도 폐색 — 이틀을 다투는 응급 상황",2,0,,blog-posts-122.ts
/blog/cat-urinary-blockage-prevention,blog,published,2026-09-10,"고양이 요로폐색 예방 — 수컷 고양이 보호자 필독",2,0,,blog-posts-71.ts
/blog/cat-urinary-prescription-diet-guide,blog,published,2026-11-19,"고양이 요로 처방식 — 결석 종류에 따라 다른 사료가 필요하다",2,0,,blog-posts-99.ts
/blog/cat-vaccine-sarcoma-guide,blog,published,2026-11-24,"고양이 주사 유발 육종 — 예방접종 맞은 자리에 혹이 생겼다면",2,0,,blog-posts-101.ts
/blog/cat-vomiting-causes-guide,blog,published,2026-06-25,"고양이 구토 — 언제 괜찮고 언제 병원을 가야 하나",3,0,,blog-posts-40.ts
/blog/cat-vomiting-when-to-vet,blog,published,2026-03-14,"고양이 구토 — 헤어볼인지 응급인지 구별하는 법",3,0,,blog-posts-3.ts
/blog/cat-water-intake-guide,blog,published,2026-06-21,"고양이 물 하루 얼마나 마셔야 하나 — 수분 부족이 신장에 미치는 영향",3,0,,blog-posts-38.ts
/blog/cat-water-intake-increase-tips,blog,published,2026-10-23,"고양이 음수량 늘리기 — 안 마시는 고양이를 위한 7가지 방법",2,0,,blog-posts-88.ts
/blog/cat-water-intake-tips,blog,published,,"고양이가 물을 안 마신다 — 섭취량 늘리는 실전 방법 7가지",3,3,,blog-posts-6.ts
/blog/cat-water-intake-tips-dehydration,blog,published,2026-06-06,"고양이 음수량 늘리는 법과 탈수 예방 — 하루 필요량 계산부터 실전 팁까지",3,0,,blog-posts-32.ts
/blog/cat-weight-management,blog,published,2026-04-10,"고양이 비만 관리 — 이상 체중 확인부터 다이어트 식단까지",3,2,,blog-posts-3.ts
/blog/cat-wet-dry-food-mixing,blog,published,2026-09-03,"고양이 습식·건식 사료 혼합 급여 — 오해와 진실",2,0,,blog-posts-68.ts
/blog/cat-wet-food-selection-guide,blog,published,2026-11-03,"고양이 습식 사료 선택 기준 — 라벨을 읽지 않으면 모르는 것들",2,0,,blog-posts-92.ts
/blog/cat-wet-vs-dry-food,blog,published,,"고양이 습식 vs 건식 사료 — 어느 것이 더 좋을까",3,0,,blog-posts-5.ts
/blog/cat-window-bird-watching,blog,published,2026-07-04,"고양이 창문 새 구경 — 실내 고양이 시각·청각 자극 완전 가이드",0,0,,blog-posts-24.ts
/blog/cat-window-bird-watching-setup,blog,published,2026-08-05,"고양이를 위한 창문 뷰 만들기 — 새 모이통부터 캣TV까지",3,0,,blog-posts-56.ts
/blog/cat-window-fall-prevention,blog,published,2026-11-27,"고양이 고층 추락 예방 — '고양이는 높은 곳에서 떨어져도 안전하다'는 오해",2,0,,blog-posts-102.ts
/blog/cat-window-safety-guide,blog,published,2026-06-20,"고양이 추락 방지 완전 가이드 — 발코니·창문 안전 만들기",0,1,,blog-posts-18.ts
/blog/catio-outdoor-cat-enclosure-guide,blog,published,2026-08-09,"캐티오(Catio) 만들기 — 실내 고양이에게 안전한 실외 경험 주기",3,0,,blog-posts-58.ts
/blog/child-pet-relationship-guide,blog,published,2026-07-01,"아이와 반려동물 — 건강한 관계 형성 완전 가이드",0,0,,blog-posts-23.ts
/blog/designer-dog-crossbreed-reality,blog,published,2026-11-30,"디자이너 견종의 현실 — 말티푸·포메라니안믹스는 정말 건강한가",2,0,,blog-posts-103.ts
/blog/dog-addison-disease-guide,blog,published,2026-12-09,"강아지 애디슨병 — 부신피질기능저하증의 위험 신호",2,0,,blog-posts-107.ts
/blog/dog-addisons-disease-guide,blog,published,2026-08-04,"강아지 부신피질기능저하증(에디슨병) — 쿠싱과 반대지만 더 위험한 이유",3,0,,blog-posts-56.ts
/blog/dog-adoption-impulse-check-5-questions,blog,published,2026-06-02,"강아지 입양 전 꼭 물어봐야 할 현실 질문 5가지 — 충동 입양을 막는 체크리스트",3,1,,blog-posts-26.ts
/blog/dog-adoption-preparation-checklist,blog,published,2026-10-05,"강아지 입양 전 준비 체크리스트 — 집을 '강아지 안전 구역'으로 만드는 법",2,0,,blog-posts-81.ts
/blog/dog-adoption-vs-purchase-guide,blog,published,2026-07-12,"강아지 입양 vs 구매 — 보호소·브리더·펫숍의 차이와 책임 있는 선택",3,0,,blog-posts-47.ts
/blog/dog-agility-beginner-guide,blog,published,2026-07-03,"강아지 어질리티 입문 — 시작 방법·준비물·기초 장애물 훈련",0,0,,blog-posts-24.ts
/blog/dog-aging-signs-recognition,blog,published,2026-11-27,"강아지 노화 신호 인식 — '나이 들어서'로 넘기면 안 되는 것들",2,0,,blog-posts-102.ts
/blog/dog-allergic-rhinitis-guide,blog,published,,"강아지 재채기·콧물 잦다면 — 알러지 비염 원인과 관리",3,0,,blog-posts-8.ts
/blog/dog-alone-time-training-guide,blog,published,2026-07-16,"강아지 혼자 있는 시간 늘리기 — 분리불안 없이 독립심 키우는 방법",3,0,,blog-posts-48.ts
/blog/dog-anal-gland-express-guide,blog,published,2026-07-03,"강아지 항문낭 문제 — 증상과 진료가 필요한 경우",1,0,,blog-posts-24.ts
/blog/dog-antioxidant-foods-guide,blog,published,2026-10-31,"강아지에게 줄 수 있는 항산화 식품 — 노화·암 예방에 도움이 될까",2,0,,blog-posts-91.ts
/blog/dog-apartment-enrichment-ideas,blog,published,2026-09-18,"아파트에서 키우는 강아지 — 하루 30분으로 행동 문제 예방하는 법",2,0,,blog-posts-74.ts
/blog/dog-apartment-living-guide,blog,published,,"아파트에서 강아지 키우기 — 실내 생활 행복하게 만드는 법",3,0,,blog-posts-12.ts
/blog/dog-arthritis-management,blog,published,,"강아지 관절염 — 초기 신호 파악과 집에서 할 수 있는 관리",3,1,,blog-posts-7.ts
/blog/dog-atopic-dermatitis-management,blog,published,2026-10-04,"강아지 아토피 피부염 — 평생 가는 가려움의 원인과 관리",2,0,,blog-posts-80.ts
/blog/dog-atopic-environment-management,blog,published,2026-10-06,"강아지 아토피 관리 — 환경 개선으로 긁는 횟수 줄이는 방법",2,0,,blog-posts-81.ts
/blog/dog-atopy-skin-allergy-guide,blog,published,2026-06-06,"강아지 아토피·피부 알레르기 완전 가이드 — 원인·진단·관리까지",3,1,,blog-posts-31.ts
/blog/dog-atopy-skin-guide,blog,published,2026-07-06,"강아지 아토피 피부염 — 평생 관리가 필요한 알레르기 피부 질환",3,0,,blog-posts-44.ts
/blog/dog-baby-teeth-guide,blog,published,,"강아지 유치 빠지는 시기와 치아 교환 완전 가이드",3,0,,blog-posts-7.ts
/blog/dog-barking-guide,blog,published,2026-06-13,"강아지 짖음 훈련 완전 가이드 — 원인별 줄이는 방법",0,0,,blog-posts-15.ts
/blog/dog-basic-training,blog,published,2026-04-17,"강아지 기초 훈련: 앉아·기다려·이리와 3단계 가이드",3,0,,blog-posts-3.ts
/blog/dog-bath-guide,blog,published,2026-05-19,"강아지 목욕 주기와 집에서 올바르게 씻기는 방법",4,0,,blog-posts.ts
/blog/dog-beach-water-safety-guide,blog,published,2026-08-08,"강아지와 바다·계곡 물놀이 — 안전하게 즐기기 위한 준비",3,0,,blog-posts-58.ts
/blog/dog-bee-sting-allergic-reaction,blog,published,2026-11-04,"강아지 벌 쏘임과 알레르기 반응 — 응급 대처 가이드",2,0,,blog-posts-93.ts
/blog/dog-bite-inhibition-guide,blog,published,2026-06-15,"강아지 물기 억제 훈련 — 새끼 때부터 시작하는 입 조절 훈련",0,0,,blog-posts-15.ts
/blog/dog-bite-liability-compensation,blog,published,2026-10-18,"개물림 사고 — 가해견 보호자의 법적 책임과 피해자 보상",2,0,,blog-posts-86.ts
/blog/dog-bladder-stones-guide,blog,published,2026-07-28,"강아지 방광결석 — 소변 이상의 숨겨진 원인",3,0,,blog-posts-53.ts
/blog/dog-body-language-guide,blog,published,2026-10-24,"강아지 바디랭귀지 — 말 못하는 강아지가 전달하는 신호들",2,0,,blog-posts-88.ts
/blog/dog-bone-chew-guide,blog,published,2026-06-17,"강아지 뼈·껌 완전 비교 — 안전한 것 vs 위험한 것",0,0,,blog-posts-16.ts
/blog/dog-boredom-behavior-solutions,blog,published,2026-11-15,"강아지 지루함 행동 — 파괴·짖음·과잉 핥기의 진짜 원인",2,0,,blog-posts-97.ts
/blog/dog-boredom-enrichment-guide,blog,published,2026-06-23,"강아지가 파괴적이고 짖는 이유 — 지루함이 행동 문제의 핵심",3,0,,blog-posts-39.ts
/blog/dog-breed-lifestyle-matching,blog,published,2026-09-20,"생활 방식에 맞는 견종 선택 — '귀여워서'가 평생의 실수가 되는 이유",2,0,,blog-posts-75.ts
/blog/dog-breed-selection-guide,blog,published,,"강아지 품종 선택 가이드 — 생활 환경에 맞는 견종 고르는 법",3,2,,blog-posts-4.ts
/blog/dog-breed-small-guide,blog,published,,"소형견 TOP 5 품종별 특성 비교 — 말티즈부터 치와와까지",3,2,,blog-posts-5.ts
/blog/dog-broken-nail-emergency,blog,published,2026-08-24,"강아지 발톱이 부러졌을 때 — 집에서 할 수 있는 응급처치",2,0,,blog-posts-64.ts
/blog/dog-broken-nail-guide,blog,published,,"강아지 발톱이 부러졌을 때 — 응급 처치와 동물병원 가야 하는 기준",3,0,,blog-posts-8.ts
/blog/dog-cafe-pet-friendly-etiquette,blog,published,2026-12-18,"반려견 동반 카페·식당 에티켓 — 갈등 없이 즐기기",2,0,,blog-posts-110.ts
/blog/dog-calcium-phosphorus-diet,blog,published,2026-09-21,"강아지 칼슘·인 균형 — 집밥 사료 보완 시 반드시 알아야 할 것",2,0,,blog-posts-75.ts
/blog/dog-calorie-calculation,blog,published,,"강아지 하루 칼로리 계산법 — 비만 예방의 첫걸음",3,1,,blog-posts-6.ts
/blog/dog-camping-guide,blog,published,2026-07-02,"강아지와 캠핑 완전 가이드 — 준비물·안전·야외 생활 팁",0,1,,blog-posts-23.ts
/blog/dog-cancer-early-detection,blog,published,,"강아지 암 조기 발견 — 보호자가 알아야 할 10가지 신호",3,1,,blog-posts-8.ts
/blog/dog-cancer-early-warning-signs,blog,published,2026-10-30,"강아지 암 조기 경고 신호 10가지 — 보호자가 놓치기 쉬운 것들",2,0,,blog-posts-91.ts
/blog/dog-car-motion-sickness-anxiety,blog,published,2027-01-07,"강아지 차 멀미·차량 공포증 대처법",2,0,,blog-posts-118.ts
/blog/dog-car-sickness-guide,blog,published,2026-06-21,"강아지 차 멀미 완전 가이드 — 원인·예방·해결법",0,1,,blog-posts-18.ts
/blog/dog-car-travel-safety,blog,published,2026-09-11,"강아지 차량 이동 안전 — 이동장 없이 달리면 생기는 일",2,0,,blog-posts-71.ts
/blog/dog-car-travel-safety-guide,blog,published,2026-06-18,"강아지 차량 이동 안전 — 1시간이든 5시간이든 지켜야 할 것들",3,0,,blog-posts-37.ts
/blog/dog-cat-dental-oral-health-guide,blog,published,2026-06-05,"강아지·고양이 구강 건강 완전 가이드 — 칫솔질·스케일링·구취 원인까지",3,0,,blog-posts-30.ts
/blog/dog-cat-introduction,blog,published,,"강아지와 고양이 합사 — 첫 만남부터 공존까지 단계별 가이드",3,0,,blog-posts-4.ts
/blog/dog-cat-omega3-fish-oil-guide,blog,published,2026-12-10,"강아지·고양이 오메가3 선택 가이드 — 어유 품질과 복용량",2,0,,blog-posts-107.ts
/blog/dog-cat-probiotic-strain-guide,blog,published,2027-01-05,"반려동물 유산균 균주별 효능 — 어떤 균주가 필요한가",2,0,,blog-posts-117.ts
/blog/dog-cataract-eye-cloudy-guide,blog,published,2026-06-04,"강아지 백내장 — 눈이 하얗게 흐려진다면 알아야 할 것",3,0,,blog-posts-29.ts
/blog/dog-cherry-eye-guide,blog,published,2026-11-17,"강아지 체리 아이 — 눈에 빨간 덩어리가 튀어나왔을 때",2,0,,blog-posts-98.ts
/blog/dog-chewing-behavior-guide,blog,published,,"강아지 씹기 행동 — 파괴적 씹기 줄이는 현실적인 방법",3,1,,blog-posts-11.ts
/blog/dog-chicken-allergy-alternatives,blog,published,2026-12-21,"강아지 닭고기 알레르기 — 실제 빈도와 대안 단백질",2,1,,blog-posts-111.ts
/blog/dog-chicken-feet-duck-feet-safety,blog,published,2026-12-27,"강아지 닭발·오리발 간식 안전성 — 뼈 위험과 섭취 방법",2,0,,blog-posts-114.ts
/blog/dog-chronic-kidney-disease-guide,blog,published,2026-09-27,"강아지 만성 신장병(CKD) — 단계별 관리와 수명 연장 전략",2,0,,blog-posts-78.ts
/blog/dog-chronic-liver-disease-diet,blog,published,2026-12-26,"강아지 만성 간질환 — 진행 단계와 식이 관리",2,0,,blog-posts-114.ts
/blog/dog-clicker-training-guide,blog,published,2026-07-04,"강아지 클리커 훈련 완전 가이드 — 원리·도구·단계별 실전 방법",0,0,,blog-posts-24.ts
/blog/dog-clothing-guide,blog,published,2026-06-21,"강아지 옷 완전 가이드 — 필요한 경우·선택법·입히는 방법",0,0,,blog-posts-18.ts
/blog/dog-coat-care-guide,blog,published,,"강아지 털 관리 완전 가이드 — 빗질·도구·견종별 주의사항",3,0,,blog-posts-14.ts
/blog/dog-cognitive-dysfunction-syndrome,blog,published,2026-09-29,"노령견 인지기능장애(강아지 치매) — 증상 인지와 삶의 질 관리",2,0,,blog-posts-78.ts
/blog/dog-crate-training-guide,blog,published,,"강아지 켄넬 훈련 — 이동장을 안전한 공간으로 만드는 법",3,0,,blog-posts-12.ts
/blog/dog-crate-training-safe-space,blog,published,2027-01-18,"강아지 크레이트 훈련 — 안식처로 만드는 단계별 방법",2,0,,blog-posts-122.ts
/blog/dog-crate-training-step-by-step,blog,published,2026-08-21,"강아지 크레이트(케이지) 훈련 — 감옥이 아닌 안전 공간으로 만드는 법",2,0,,blog-posts-63.ts
/blog/dog-cushings-syndrome-guide,blog,published,2027-01-03,"강아지 쿠싱증후군 — 배가 불룩하고 물을 많이 마실 때",2,0,,blog-posts-117.ts
/blog/dog-daily-health-check-routine,blog,published,2026-11-30,"강아지 매일 하는 건강 체크 — 3분으로 이상 신호 조기 발견",2,0,,blog-posts-103.ts
/blog/dog-daily-mental-stimulation-routine,blog,published,2026-09-01,"강아지 하루 정신 자극 루틴 — 15분으로 행동 문제 예방하기",2,0,,blog-posts-67.ts
/blog/dog-daycare-hotel-guide,blog,published,,"강아지 데이케어·펫호텔 잘 고르는 법 — 체크리스트 포함",3,0,,blog-posts-10.ts
/blog/dog-degenerative-myelopathy-dm,blog,published,2027-01-06,"강아지 퇴행성 척수병증(DM) — 뒷다리 마비 진행과 재활",2,0,,blog-posts-118.ts
/blog/dog-degenerative-myelopathy-guide,blog,published,2026-08-30,"강아지 척수 변성증(DM) — 뒷다리 약해지는 노령견의 신경 질환",2,0,,blog-posts-66.ts
/blog/dog-dehydration-check-guide,blog,published,2026-12-04,"강아지 탈수 확인법 — 집에서 30초로 체크하는 방법",2,0,,blog-posts-105.ts
/blog/dog-dental-care,blog,published,2026-05-22,"강아지 치아 관리 — 양치 방법과 치석 예방 완전 가이드",3,2,,blog-posts-2.ts
/blog/dog-dental-disease-prevention,blog,published,2026-06-17,"강아지 치주질환 — 3살 이후 80%가 걸리는 침묵의 병과 예방법",3,0,,blog-posts-37.ts
/blog/dog-dental-disease-prevention-guide,blog,published,2026-06-09,"강아지 치과 질환 예방 — 이를 닦지 않으면 3세부터 치주염이 시작된다",3,0,,blog-posts-34.ts
/blog/dog-dental-scaling-guide,blog,published,2026-07-02,"강아지 치과 스케일링 — 검사와 마취 상담 포인트",3,0,,blog-posts-24.ts
/blog/dog-diabetes-insipidus-guide,blog,published,2026-12-16,"강아지 요붕증 — 물을 너무 많이 마시는 원인",2,0,,blog-posts-110.ts
/blog/dog-diabetes-management,blog,published,,"강아지 당뇨병 관리 가이드 — 인슐린·식이·모니터링",3,2,,blog-posts-14.ts
/blog/dog-diarrhea-guide,blog,published,,"강아지 설사 — 지켜봐도 되는 경우 vs 즉시 병원 가야 하는 경우",3,0,,blog-posts-7.ts
/blog/dog-diarrhea-home-care,blog,published,2026-07-02,"강아지 설사 — 집에서 관리할 수 있는 경우와 즉시 병원 가야 할 경우",3,0,,blog-posts-43.ts
/blog/dog-ear-cleaning,blog,published,2026-03-20,"강아지 귀 청소 방법과 주기 — 외이염 예방의 기본",3,1,,blog-posts-3.ts
/blog/dog-ear-hematoma-guide,blog,published,2026-08-16,"강아지 귀혈종 — 귀가 빵빵하게 부풀었을 때",2,0,,blog-posts-61.ts
/blog/dog-ear-infection-otitis-guide,blog,published,2026-06-21,"강아지 외이염 — 머리 흔들고 귀 긁는 이유와 집에서 할 수 있는 것",3,0,,blog-posts-38.ts
/blog/dog-ear-infection-prevention,blog,published,2026-11-10,"강아지 외이도염 예방 — 귀를 자주 긁는다면 체크해야 할 것",2,0,,blog-posts-95.ts
/blog/dog-ear-infection-prevention-guide,blog,published,2026-06-06,"강아지 귀 청소 방법과 귀 질환 예방 — 품종별 주기와 이상 신호",3,0,,blog-posts-31.ts
/blog/dog-enrichment-interactive-toys,blog,published,2026-12-31,"강아지 인리치먼트 — 집 안에서 정신적 자극 주는 방법",2,0,,blog-posts-115.ts
/blog/dog-epilepsy-seizure-guide,blog,published,2026-09-08,"강아지 간질·발작 — 목격했을 때 보호자가 해야 할 것과 하지 말아야 할 것",2,0,,blog-posts-70.ts
/blog/dog-epilepsy-seizure-management,blog,published,2027-01-11,"강아지 뇌전증 — 발작 응급 대처와 장기 약물 관리",2,0,,blog-posts-120.ts
/blog/dog-exocrine-pancreatic-insufficiency,blog,published,2027-01-21,"강아지 외분비 췌장 기능 부전(EPI) — 먹어도 살이 빠지는 원인",2,0,,blog-posts-124.ts
/blog/dog-eye-care-guide,blog,published,2026-06-18,"강아지 눈 관리 — 눈곱·눈물·충혈의 진료 신호",3,0,,blog-posts-17.ts
/blog/dog-eye-cataract-guide,blog,published,2026-10-17,"강아지 백내장 — 눈이 뿌옇게 변하는 이유와 수술 기준",2,0,,blog-posts-86.ts
/blog/dog-eye-discharge-cherry-eye,blog,published,2026-07-20,"강아지 눈 분비물과 체리아이 — 정상과 비정상의 경계",3,0,,blog-posts-50.ts
/blog/dog-eye-problems-guide,blog,published,,"강아지 눈 문제 — 눈곱·충혈·눈물 흘림 원인과 대처법",3,0,,blog-posts-7.ts
/blog/dog-fear-management,blog,published,,"강아지 공포 반응 — 천둥·폭죽·낯선 것에 떠는 강아지 돕는 법",3,1,,blog-posts-12.ts
/blog/dog-fiber-constipation-diarrhea,blog,published,2026-12-23,"강아지 식이섬유 — 변비와 설사 양방향 관리",2,0,,blog-posts-112.ts
/blog/dog-fireworks-anxiety-guide,blog,published,2026-06-25,"강아지 폭죽·불꽃놀이 공포 관리 — 증상과 단계별 대처법",0,1,,blog-posts-20.ts
/blog/dog-first-adoption-kit,blog,published,2026-05-21,"강아지 처음 입양 준비물 체크리스트 — 첫 날 전에 갖춰야 할 것들",3,0,,blog-posts.ts
/blog/dog-flea-tick-guide,blog,published,2026-06-19,"강아지 벼룩·진드기 예방 — 제품 선택과 관리법",3,0,,blog-posts-17.ts
/blog/dog-food-allergy-blood-test-myths,blog,published,2026-11-19,"강아지 알레르기 혈액 검사 — 믿을 수 있는가",2,1,,blog-posts-99.ts
/blog/dog-food-allergy-diet,blog,published,,"강아지 음식 알레르기 제한식 가이드 — 원인 파악부터 식단 교체까지",3,0,,blog-posts-5.ts
/blog/dog-food-allergy-elimination-diet-test,blog,published,2026-06-02,"강아지 알레르기 사료 찾는 법 — 식이 제거 테스트 8주 완전 가이드",3,0,,blog-posts-25.ts
/blog/dog-food-allergy-ingredients-checklist,blog,published,2026-06-15,"강아지 음식 알레르기 — 가려움·귀 염증·발 핥기의 숨겨진 원인 식재료",3,0,,blog-posts-36.ts
/blog/dog-food-budget-guide,blog,published,2026-08-01,"예산 내에서 강아지 잘 먹이기 — 비싼 사료가 무조건 좋은 것은 아니다",3,0,,blog-posts-55.ts
/blog/dog-food-by-age,blog,published,,"강아지 나이별 사료 선택 가이드 — 강아지·성견·노령견 완벽 정리",3,0,,blog-posts-5.ts
/blog/dog-food-controversial-ingredients,blog,published,2026-11-28,"강아지 사료 논란 성분 — BHA·에톡시퀴닌·카라기난, 실제 위험한가",2,0,,blog-posts-102.ts
/blog/dog-food-label-ingredient-reading,blog,published,2027-01-17,"강아지 사료 라벨 읽는 법 — 성분표 순서의 의미",2,0,,blog-posts-122.ts
/blog/dog-food-storage-guide,blog,published,,"강아지 사료 올바른 보관법 — 산화·곰팡이 막는 실전 방법",3,0,,blog-posts-6.ts
/blog/dog-food-storage-oxidation-risk,blog,published,2027-01-02,"강아지 사료 보관법 — 산화와 곰팡이 독소 위험",2,0,,blog-posts-116.ts
/blog/dog-food-topper-guide,blog,published,2026-08-17,"강아지 사료 토퍼 활용 가이드 — 건식 사료를 더 맛있게 만드는 방법",2,0,,blog-posts-61.ts
/blog/dog-food-transition-method,blog,published,2026-06-04,"강아지 사료 교체 방법 — 소화 문제 없이 새 사료로 바꾸는 7~10일 가이드",2,0,,blog-posts-28.ts
/blog/dog-forbidden-fruits-nuts-complete-list,blog,published,2026-06-05,"강아지 먹으면 안 되는 과일·견과류 완전 목록 — 독성 원인과 증상까지",3,0,,blog-posts-30.ts
/blog/dog-fracture-guide,blog,published,,"강아지 골절 — 응급 처치와 동물병원 가기 전 해야 할 것",3,0,,blog-posts-9.ts
/blog/dog-gastric-dilatation-volvulus,blog,published,2026-10-15,"강아지 위염전(GDV) — 대형견 보호자가 반드시 알아야 할 응급",2,0,,blog-posts-85.ts
/blog/dog-glucosamine-chondroitin-evidence,blog,published,2027-01-09,"강아지 글루코사민·콘드로이틴 효과 근거",2,0,,blog-posts-119.ts
/blog/dog-grain-free-dcm-risk,blog,published,2026-09-07,"강아지 그레인프리 사료와 DCM — FDA 경고의 실제 의미",2,0,,blog-posts-70.ts
/blog/dog-grain-free-diet-guide,blog,published,2026-06-16,"강아지 그레인프리 사료 완전 가이드 — 효과·위험·선택 기준",0,1,,blog-posts-16.ts
/blog/dog-grain-free-diet-truth,blog,published,2026-06-29,"그레인프리 사료, 정말 강아지에게 더 좋은가 — FDA 경고까지 나온 배경",3,0,,blog-posts-41.ts
/blog/dog-grass-seed-foxtail-danger,blog,published,2026-11-24,"산책 중 풀 씨앗 위험 — 강아지 귀·발에 박히는 여우꼬리풀",2,0,,blog-posts-101.ts
/blog/dog-grooming-fear-training,blog,published,2026-09-17,"강아지 미용 공포 탈감작 훈련 — 미용실에서 안 떠는 강아지 만들기",2,0,,blog-posts-73.ts
/blog/dog-grooming-types-guide,blog,published,,"강아지 미용 종류 완전 가이드 — 견종별 적합한 커트와 주기",3,1,,blog-posts-11.ts
/blog/dog-health-checkup,blog,published,2026-03-08,"강아지 건강검진 — 나이별 주기와 꼭 챙겨야 할 검사 항목",3,0,,blog-posts-3.ts
/blog/dog-heart-disease-guide,blog,published,,"강아지 심장 질환 — 초기 신호와 생활 관리 가이드",3,1,,blog-posts-8.ts
/blog/dog-heartworm-prevention,blog,published,2026-05-22,"강아지 심장사상충 예방 완전 가이드 — 감염 경로·예방약·검사 시기",4,0,,blog-posts-2.ts
/blog/dog-heartworm-prevention-guide,blog,published,2026-07-13,"강아지 심장사상충 — 예방이 전부인 이유와 예방약 종류 비교",3,0,,blog-posts-47.ts
/blog/dog-heartworm-treatment-guide,blog,published,2026-06-20,"강아지 심장사상충 치료 과정 이해하기",3,0,,blog-posts-17.ts
/blog/dog-hiking-mountain-safety,blog,published,2026-08-12,"강아지와 등산·하이킹 — 안전하게 산을 오르기 위한 준비",3,0,,blog-posts-59.ts
/blog/dog-hiking-safety-guide,blog,published,2026-11-23,"반려견과 등산 — 즐거운 산행을 위한 안전 수칙",2,0,,blog-posts-100.ts
/blog/dog-hip-dysplasia-guide,blog,published,,"강아지 고관절 이형성증 완전 가이드 — 증상·진단·관리·수술",3,1,,blog-posts-14.ts
/blog/dog-hip-dysplasia-management,blog,published,2026-12-05,"강아지 고관절 이형성증 — 대형견 통증의 주요 원인",2,0,,blog-posts-105.ts
/blog/dog-home-bath-complete-guide,blog,published,2026-06-14,"강아지 집에서 목욕시키기 — 싫어하는 개도 차분해지는 단계별 방법",3,0,,blog-posts-36.ts
/blog/dog-home-grooming-basics,blog,published,2026-08-17,"강아지 집에서 미용하기 — 전문 미용 사이 관리하는 방법",2,0,,blog-posts-61.ts
/blog/dog-home-safety-guide,blog,published,2026-06-20,"강아지를 위한 집 안 안전 점검 완전 가이드",0,1,,blog-posts-18.ts
/blog/dog-homemade-food-guide,blog,published,2026-07-14,"강아지 집밥(홈쿡) — 잘 만들면 좋고 잘못 만들면 위험한 이유",3,0,,blog-posts-48.ts
/blog/dog-homemade-food-safety,blog,published,2026-10-25,"강아지 집밥 — 영양 균형을 맞추지 않으면 생기는 문제",2,0,,blog-posts-89.ts
/blog/dog-homemade-treats,blog,published,2026-05-21,"강아지 수제 간식 레시피 5가지 — 집에서 안전하게 만드는 법",4,0,,blog-posts.ts
/blog/dog-hot-pavement-paw-burn,blog,published,2026-12-22,"강아지 여름 아스팔트 발바닥 화상 — 2초 테스트와 예방",2,0,,blog-posts-112.ts
/blog/dog-howling-guide,blog,published,,"강아지 하울링 — 원인별로 다른 해결 접근법",3,0,,blog-posts-12.ts
/blog/dog-hydration-guide,blog,published,,"강아지 물 얼마나 마셔야 할까 — 탈수 신호와 수분 관리",3,1,,blog-posts-6.ts
/blog/dog-hypoglycemia-small-breed-puppy,blog,published,2027-01-16,"강아지 저혈당 — 소형 강아지 시기 응급 대처",2,0,,blog-posts-122.ts
/blog/dog-hypoglycemia-small-breeds,blog,published,2026-10-12,"소형견 저혈당증 — 갑자기 쓰러지는 강아지의 응급 대처법",2,0,,blog-posts-84.ts
/blog/dog-hypothyroidism-guide,blog,published,2026-10-15,"강아지 갑상선 기능저하증 — 살찌고 무기력한 중년 강아지",2,0,,blog-posts-85.ts
/blog/dog-imha-immune-hemolytic-anemia,blog,published,2026-12-11,"강아지 면역매개 용혈성 빈혈(IMHA) — 갑작스러운 빈혈의 원인",2,0,,blog-posts-108.ts
/blog/dog-indoor-play-summer-guide,blog,published,2026-08-05,"여름 실내 강아지 놀이 — 산책 못 나가는 날 에너지 소모하는 방법",3,0,,blog-posts-56.ts
/blog/dog-insulinoma-low-glucose,blog,published,2026-12-21,"강아지 인슐린종 — 저혈당 발작이 반복될 때",2,0,,blog-posts-112.ts
/blog/dog-interactive-toy-guide,blog,published,2026-06-29,"강아지 인터랙티브 장난감 완전 가이드 — 두뇌 자극과 행동 충족",0,0,,blog-posts-22.ts
/blog/dog-ivdd-disc-surgery-guide,blog,published,2026-09-23,"강아지 추간판 탈출증(디스크) 수술 — 판단 기준과 회복 가이드",2,0,,blog-posts-76.ts
/blog/dog-ivdd-guide,blog,published,,"강아지 추간판 질환(IVDD) — 갑자기 뒷다리를 못 쓴다면",3,0,,blog-posts-8.ts
/blog/dog-joint-health-diet,blog,published,2026-06-16,"강아지 관절 건강 식이 가이드 — 음식·영양제 선택법",0,1,,blog-posts-16.ts
/blog/dog-joint-supplement-evidence,blog,published,2026-11-09,"강아지 관절 보충제 — 글루코사민이 실제로 효과 있는가",2,0,,blog-posts-95.ts
/blog/dog-jumping-training,blog,published,2026-06-14,"강아지 점프 행동 교정 — 사람에게 뛰어오르는 습관 없애기",0,0,,blog-posts-15.ts
/blog/dog-kennel-cough-guide,blog,published,,"강아지 켄넬코프 완전 가이드 — 증상·전파·격리·예방접종",3,1,,blog-posts-14.ts
/blog/dog-leash-law-and-vicious-dogs,blog,published,2026-10-27,"강아지 목줄 의무와 맹견 관리 — 법적 기준 완전 정리",2,0,,blog-posts-89.ts
/blog/dog-leash-pulling-correction-guide,blog,published,2026-07-01,"강아지 산책 줄 당기기 교정 — 왜 당기는지 이해하면 방법이 보인다",3,0,,blog-posts-42.ts
/blog/dog-leash-pulling-guide,blog,published,2026-06-14,"강아지 산책 줄 당기기 교정 — 느슨한 줄 걷기 완성하는 법",0,1,,blog-posts-15.ts
/blog/dog-leash-reactivity-training,blog,published,2027-01-02,"강아지 리쉬 반응성 — 산책 중 짖고 달려드는 행동 교정",2,0,,blog-posts-116.ts
/blog/dog-leptospirosis-prevention,blog,published,2026-10-30,"강아지 렙토스피라증 — 물·쥐 접촉으로 감염되는 인수공통 질환",2,0,,blog-posts-91.ts
/blog/dog-lipoma-fatty-tumor-guide,blog,published,2026-11-21,"강아지 지방종 — 혹이 생겼는데 수술이 필요한가",2,0,,blog-posts-100.ts
/blog/dog-liver-disease-early-signs,blog,published,2026-08-07,"강아지 간 질환 초기 신호 — 조용히 진행되는 침묵의 장기",3,0,,blog-posts-57.ts
/blog/dog-liver-disease-management,blog,published,2026-10-27,"강아지 간 질환 — ALT 수치 높게 나왔을 때 알아야 할 것",2,0,,blog-posts-90.ts
/blog/dog-loose-leash-walking,blog,published,2026-11-02,"강아지 느슨한 리드줄 산책 훈련 — 끌고 다니지 않고 함께 걷기",2,0,,blog-posts-92.ts
/blog/dog-low-sodium-diet-guide,blog,published,2026-10-10,"강아지 저나트륨 식이 — 심장·신장 질환 강아지 보호자 필독",2,0,,blog-posts-83.ts
/blog/dog-lyme-disease-tick-prevention,blog,published,2027-01-01,"강아지 라임병 — 진드기 매개 감염과 예방",2,0,,blog-posts-116.ts
/blog/dog-mast-cell-tumor-guide,blog,published,2026-08-16,"강아지 비만세포종 — 피부 혹이 전부 지방종은 아니다",2,0,,blog-posts-61.ts
/blog/dog-meningoencephalitis-guide,blog,published,2026-12-07,"강아지 수막염·뇌염 — 갑작스러운 신경 증상의 원인",2,0,,blog-posts-106.ts
/blog/dog-muzzle-positive-training,blog,published,2027-01-13,"강아지 입마개 훈련 — 처벌 없이 자연스럽게 익히기",2,0,,blog-posts-120.ts
/blog/dog-mvd-mitral-valve-disease,blog,published,2026-10-02,"강아지 승모판 질환(MVD) — 심잡음 진단 후 보호자가 알아야 할 것",2,0,,blog-posts-80.ts
/blog/dog-nail-grinding-dremel-guide,blog,published,2026-12-05,"강아지 발톱 그라인더(드레멜) 사용법 — 클리퍼가 무서운 강아지에게",2,0,,blog-posts-105.ts
/blog/dog-nail-trimming-complete-guide,blog,published,2026-06-07,"강아지 발톱 관리 완전 가이드 — 직접 자르는 방법과 주기",2,0,,blog-posts-33.ts
/blog/dog-nail-trimming-guide,blog,published,,"강아지 발톱 손질 완전 가이드 — 혼자 하는 법과 주의사항",3,0,,blog-posts-10.ts
/blog/dog-nasal-discharge-guide,blog,published,2026-08-19,"강아지 코 분비물 — 맑은 콧물부터 피까지 원인 구분법",2,0,,blog-posts-62.ts
/blog/dog-nasal-tumor-symptoms-guide,blog,published,2027-01-18,"강아지 비강 종양 — 한쪽 코피·재채기가 반복될 때",2,0,,blog-posts-123.ts
/blog/dog-neuter-insurance-claim,blog,published,2026-06-04,"강아지·고양이 중성화 수술 비용과 펫보험 보상 여부 — 2024년 기준 정리",3,1,,blog-posts-29.ts
/blog/dog-neutering-guide,blog,published,,"강아지 중성화 수술 완전 가이드 — 시기·비용·회복까지",3,1,,blog-posts-14.ts
/blog/dog-neutering-timing-complete,blog,published,2026-07-26,"강아지 중성화 시기 — 소형견과 대형견이 달라야 하는 이유",3,1,,blog-posts-52.ts
/blog/dog-nose-work-scent-training-basics,blog,published,2027-01-20,"강아지 노즈워크 — 집에서 하는 후각 훈련 기초",2,0,,blog-posts-123.ts
/blog/dog-nosework-guide,blog,published,,"강아지 노즈워크 입문 — 후각 훈련의 모든 것",3,0,,blog-posts-14.ts
/blog/dog-nosework-puzzle-enrichment,blog,published,2026-11-02,"강아지 노즈워크 & 퍼즐 게임 — 15분이 2시간 운동에 맞먹는 이유",2,0,,blog-posts-92.ts
/blog/dog-obesity-health-risks,blog,published,2026-11-15,"강아지 비만 — '통통해서 귀엽다'가 수명을 2년 줄이는 이유",2,1,,blog-posts-97.ts
/blog/dog-obesity-prevention-activity-guide,blog,published,2026-06-07,"강아지 비만 예방 — 체중 관리와 적정 운동량의 현실적인 기준",3,0,,blog-posts-33.ts
/blog/dog-obesity-weight-management-guide,blog,published,2026-06-24,"강아지 비만 — 귀여워 보이는 살이 수명을 2년 줄이는 이유",3,1,,blog-posts-39.ts
/blog/dog-odor-management,blog,published,,"강아지 냄새 관리 — 원인별로 다른 해결법",3,1,,blog-posts-11.ts
/blog/dog-off-leash-park-safety-guide,blog,published,2027-01-05,"반려견 놀이터(오프리쉬) 안전 이용 완전 가이드",2,0,,blog-posts-117.ts
/blog/dog-omega3-supplement-guide,blog,published,2026-07-25,"강아지 오메가3 보충제 — 언제 줘야 하고 얼마나 줘야 하나",3,0,,blog-posts-52.ts
/blog/dog-osteosarcoma-bone-cancer,blog,published,2027-01-08,"강아지 골육종 — 다리 절뚝임이 뼈암일 때",2,0,,blog-posts-119.ts
/blog/dog-otitis-externa-guide,blog,published,,"강아지 외이염 — 원인·증상·치료·재발 예방까지",3,1,,blog-posts-7.ts
/blog/dog-pancreatitis-diet,blog,published,2026-09-03,"강아지 췌장염 식이 관리 — 무엇을 먹이고 무엇을 피해야 하나",2,0,,blog-posts-68.ts
/blog/dog-pancreatitis-guide,blog,published,2026-06-28,"강아지 췌장염 — 기름진 음식 한 번이 응급실로 이어질 수 있다",3,0,,blog-posts-41.ts
/blog/dog-pancreatitis-symptoms-diet,blog,published,2026-06-02,"강아지 췌장염 — 기름진 음식 먹은 뒤 구토·복통이 계속된다면",3,0,,blog-posts-25.ts
/blog/dog-pannus-eye-disease,blog,published,2026-11-29,"강아지 파누스(각막 혈관 신생) — 셰퍼드·콜리 보호자 필독",2,0,,blog-posts-103.ts
/blog/dog-park-etiquette-complete-guide,blog,published,2026-08-14,"강아지 공원 에티켓 — 모두가 즐거운 공간을 위한 기준",3,0,,blog-posts-60.ts
/blog/dog-parvo-distemper-prevention,blog,published,2026-11-26,"파보바이러스와 홍역 — 강아지를 죽일 수 있는 두 질환의 예방",2,0,,blog-posts-102.ts
/blog/dog-patella-luxation,blog,published,2026-05-22,"강아지 슬개골 탈구 — 증상·등급·수술 기준 완전 가이드",4,1,,blog-posts-2.ts
/blog/dog-patella-surgery-recovery,blog,published,2026-09-17,"강아지 슬개골 수술 후 회복 — 보호자가 해야 할 것, 피해야 할 것",2,0,,blog-posts-74.ts
/blog/dog-patellar-luxation-guide,blog,published,2026-09-02,"강아지 슬개골 탈구 — 단계별 증상과 수술 기준 완전 정리",2,0,,blog-posts-68.ts
/blog/dog-paw-care-guide,blog,published,2026-06-18,"강아지 발바닥 관리 완전 가이드 — 갈라짐·화상·이물질 대처법",2,0,,blog-posts-17.ts
/blog/dog-pericardial-effusion-guide,blog,published,2026-12-29,"강아지 심낭삼출 — 심장 주변에 물이 차는 응급 상황",2,0,,blog-posts-115.ts
/blog/dog-playdate-setup-guide,blog,published,2026-09-22,"강아지 플레이데이트 설계 — 좋은 만남과 나쁜 만남의 차이",2,0,,blog-posts-75.ts
/blog/dog-poisoning-first-aid,blog,published,,"강아지 독성 물질 섭취 — 응급 처치와 해서는 안 되는 것",3,0,,blog-posts-9.ts
/blog/dog-positive-reinforcement-basics,blog,published,2026-11-08,"강아지 긍정 강화 훈련 기초 — 왜 칭찬이 체벌보다 효과적인가",2,0,,blog-posts-94.ts
/blog/dog-potty-training-guide,blog,published,2026-06-14,"강아지 배변 훈련 완전 가이드 — 실수 없애는 단계별 방법",0,0,,blog-posts-15.ts
/blog/dog-probiotic-guide,blog,published,2026-06-17,"강아지 프로바이오틱스 — 장 건강과 면역력 완전 가이드",0,0,,blog-posts-16.ts
/blog/dog-probiotic-prebiotic-guide,blog,published,2026-11-17,"강아지 프로바이오틱스 — 언제 필요하고 어떤 제품을 골라야 하나",2,0,,blog-posts-98.ts
/blog/dog-probiotic-supplement-guide,blog,published,2026-07-30,"강아지 유산균 보충제 — 언제 필요하고 어떤 것을 골라야 하나",3,0,,blog-posts-54.ts
/blog/dog-prostate-disease-intact-male,blog,published,2027-01-13,"강아지 전립선 질환 — 중성화하지 않은 수컷의 위험",2,0,,blog-posts-121.ts
/blog/dog-protein-rotation-diet,blog,published,2026-10-20,"강아지 단백질 순환 식이 — 효과가 있는가, 없는가",2,0,,blog-posts-87.ts
/blog/dog-puppy-first-week-guide,blog,published,2026-10-19,"강아지 입양 첫 주 — 하루하루 무엇을 해야 하는가",2,0,,blog-posts-86.ts
/blog/dog-puppy-nutrition-guide,blog,published,2026-06-17,"강아지 시절 영양 완전 가이드 — 성장을 위한 올바른 식이",0,0,,blog-posts-16.ts
/blog/dog-puzzle-toy-guide,blog,published,2026-06-30,"강아지 퍼즐 장난감 완전 가이드 — 레벨별 선택과 활용법",0,2,,blog-posts-22.ts
/blog/dog-pyoderma-skin-infection,blog,published,2026-10-22,"강아지 농피증 — 피부 감염의 가장 흔한 이유",2,0,,blog-posts-88.ts
/blog/dog-rainy-day-activities,blog,published,2026-06-21,"강아지 비 오는 날 실내 활동 아이디어 15가지",0,0,,blog-posts-18.ts
/blog/dog-raw-barf-diet-complete-guide,blog,published,2026-06-11,"강아지 생식(BARF) 완전 가이드 — 시작 전 반드시 알아야 할 영양 균형과 위생 리스크",3,0,,blog-posts-35.ts
/blog/dog-raw-bones-safety,blog,published,2026-11-06,"강아지 뼈다귀 급여 — 안전한 것과 생명을 위협하는 것",2,0,,blog-posts-93.ts
/blog/dog-raw-diet-guide,blog,published,,"강아지 생식 식단 완전 가이드 — 장점과 위험, 올바른 시작법",3,1,,blog-posts-5.ts
/blog/dog-raw-food-diet-guide,blog,published,2026-06-24,"강아지 생식(로푸드) — 장점과 위험을 모두 알고 선택해야 하는 이유",3,0,,blog-posts-40.ts
/blog/dog-recall-training,blog,published,2026-06-15,"강아지 리콜 훈련 — 어디서든 반응하는 완벽한 '이리와' 완성법",0,0,,blog-posts-15.ts
/blog/dog-recall-training-come-command,blog,published,2027-01-10,"강아지 호출 훈련(와!) — 생명을 지키는 명령어 완전 가이드",2,0,,blog-posts-119.ts
/blog/dog-recall-training-guide,blog,published,2026-11-12,"강아지 '이리와' 훈련 — 생명을 구하는 가장 중요한 명령어",2,0,,blog-posts-96.ts
/blog/dog-rehoming-considerations,blog,published,2026-10-28,"반려견 재입양을 고려할 때 — 포기가 아닌 최선을 위한 결정",2,0,,blog-posts-90.ts
/blog/dog-resource-guarding-guide,blog,published,2026-06-15,"강아지 자원 지키기 행동 — 음식·장난감 양보 훈련 완전 가이드",0,0,,blog-posts-15.ts
/blog/dog-safe-fish-guide,blog,published,2026-08-22,"강아지에게 줄 수 있는 생선 — 안전한 것과 주의할 것",2,0,,blog-posts-63.ts
/blog/dog-safe-fruit-guide,blog,published,2026-08-28,"강아지에게 줄 수 있는 과일 완전 가이드 — 안전과 독성 기준",2,0,,blog-posts-66.ts
/blog/dog-seawater-swimming-dangers,blog,published,2026-12-25,"강아지 바다 수영 — 해수 음용과 피부 위험",2,0,,blog-posts-113.ts
/blog/dog-seizure-emergency-guide,blog,published,2026-07-18,"강아지 발작 — 처음 목격했을 때 보호자가 해야 할 것",3,0,,blog-posts-49.ts
/blog/dog-senior-enrichment-guide,blog,published,2026-07-04,"노령견 환경 풍부화 — 느린 속도에 맞는 두뇌·신체 활동 가이드",0,1,,blog-posts-24.ts
/blog/dog-senior-food-transition-guide,blog,published,2026-06-06,"노령견 사료 전환 시기와 방법 — 7세부터 달라지는 영양 요구",3,1,,blog-posts-32.ts
/blog/dog-separation-anxiety,blog,published,2026-05-22,"강아지 분리불안 — 원인·증상·집에서 할 수 있는 훈련법",3,1,,blog-posts-2.ts
/blog/dog-separation-anxiety-prevention-guide,blog,published,2026-06-03,"강아지 분리불안 예방 가이드 — 입양 첫 주부터 시작하는 훈련법",3,1,,blog-posts-28.ts
/blog/dog-separation-anxiety-protocol,blog,published,2026-09-14,"강아지 분리불안 단계별 훈련 프로토콜",2,0,,blog-posts-72.ts
/blog/dog-separation-anxiety-step-by-step,blog,published,2026-12-10,"강아지 분리불안 단계별 둔감화 훈련",2,0,,blog-posts-107.ts
/blog/dog-shelter-adoption-process,blog,published,2026-06-27,"보호소 개 입양 단계별 완전 가이드 — 첫 만남부터 집 적응까지",3,0,,blog-posts-41.ts
/blog/dog-skin-care-guide,blog,published,2026-06-18,"강아지 피부 건강 관리 — 빗질·목욕·환경 관리 완전 가이드",2,0,,blog-posts-17.ts
/blog/dog-skin-lump-guide,blog,published,2026-08-28,"강아지 피부 혹 발견했을 때 — 어떤 것이 위험하고 어떤 것이 괜찮은가",2,0,,blog-posts-65.ts
/blog/dog-skin-problems,blog,published,2026-04-03,"강아지 피부 트러블 — 원인별 증상과 대처법",3,1,,blog-posts-3.ts
/blog/dog-sleeping-with-owner-guide,blog,published,2026-07-23,"강아지와 같이 자도 되나 — 찬반 논쟁을 데이터로 정리",3,1,,blog-posts-51.ts
/blog/dog-social-aggression-guide,blog,published,,"강아지 공격성 — 원인 이해와 보호자가 할 수 있는 관리",3,0,,blog-posts-12.ts
/blog/dog-social-skills-training,blog,published,,"강아지 사회성 훈련 — 다른 개·사람·소리에 올바르게 반응하게 하는 법",3,0,,blog-posts-11.ts
/blog/dog-socialization-guide,blog,published,,"강아지 사회화 훈련 황금기 — 생후 3~14주 완벽 활용법",3,0,,blog-posts-4.ts
/blog/dog-soft-tissue-injury-guide,blog,published,2026-07-10,"강아지 발목 삐거나 절뚝거릴 때 — 단순 접질림부터 인대 파열까지",3,0,,blog-posts-46.ts
/blog/dog-spleen-mass-benign-vs-malignant,blog,published,2026-12-24,"강아지 비장 종괴 — 양성과 악성을 구분하는 방법",2,0,,blog-posts-113.ts
/blog/dog-splenic-hemangiosarcoma-guide,blog,published,2026-11-22,"강아지 비장 혈관육종 — 갑작스러운 쇼크의 숨은 원인",2,0,,blog-posts-100.ts
/blog/dog-steroid-long-term-risks,blog,published,2026-12-01,"강아지 스테로이드 장기 복용 — 효과만큼 큰 부작용 관리",2,0,,blog-posts-104.ts
/blog/dog-summer-cooling-diet-tips,blog,published,2026-06-06,"여름 강아지 식욕 저하 — 원인과 더위 속 영양 관리 방법",3,0,,blog-posts-32.ts
/blog/dog-summer-heat-care-guide,blog,published,2026-07-11,"여름 강아지 더위 관리 — 열사병 예방부터 산책 시간 조정까지",3,0,,blog-posts-46.ts
/blog/dog-summer-heat-cooling-guide,blog,published,2026-06-07,"강아지 여름 더위 식히는 법 — 열사병 예방부터 냉각 방법까지",3,0,,blog-posts-33.ts
/blog/dog-summer-heat-stroke-prevention,blog,published,2026-09-04,"강아지 여름 열사병 예방 — 실제 데이터로 보는 위험 신호",2,0,,blog-posts-68.ts
/blog/dog-summer-paw-protection,blog,published,2026-06-25,"강아지 여름 발바닥 보호 — 뜨거운 아스팔트 화상 예방법",2,0,,blog-posts-20.ts
/blog/dog-summer-water-activity-safety,blog,published,2027-01-15,"강아지 여름 물놀이 안전 — 수영장·계곡 위험 관리",2,0,,blog-posts-121.ts
/blog/dog-supplements-guide,blog,published,,"강아지 영양제, 진짜 필요한 것만 — 수의사가 권하는 기준",3,0,,blog-posts-6.ts
/blog/dog-swimming-guide,blog,published,,"강아지 수영 — 처음 물에 데려가는 법과 안전 수칙",3,1,,blog-posts-12.ts
/blog/dog-swimming-water-safety,blog,published,2026-10-09,"강아지 수영 안전 — 모든 강아지가 수영을 좋아하는 것은 아니다",2,0,,blog-posts-82.ts
/blog/dog-thrombocytopenia-guide,blog,published,2026-12-14,"강아지 혈소판감소증 — 피부 점출혈이 보일 때",2,0,,blog-posts-109.ts
/blog/dog-thunder-noise-phobia-training,blog,published,2026-12-20,"강아지 천둥·소음 공포증 — 둔감화 훈련과 응급 대처",2,0,,blog-posts-111.ts
/blog/dog-thunderstorm-anxiety-guide,blog,published,2026-07-03,"강아지 천둥·폭죽 공포증 — 왜 그렇게 무서워하고, 무엇이 도움이 되나",3,0,,blog-posts-43.ts
/blog/dog-thunderstorm-noise-anxiety,blog,published,2026-10-19,"강아지 천둥·폭죽 공포 — 왜 일부 강아지는 공황 상태가 되는가",2,0,,blog-posts-86.ts
/blog/dog-tick-prevention-guide,blog,published,2026-09-21,"강아지 진드기 예방 — 풀밭 산책 전 알아야 할 것",2,0,,blog-posts-75.ts
/blog/dog-toxic-foods,blog,published,2026-05-20,"강아지가 먹으면 안 되는 음식 완전 정리 (2026년 기준)",4,0,,blog-posts.ts
/blog/dog-treat-selection-guide,blog,published,2026-07-07,"강아지 간식 고르는 법 — 맛있고 안전한 간식의 기준",3,0,,blog-posts-45.ts
/blog/dog-treats-ingredient-guide,blog,published,2026-09-30,"강아지 트릿 성분 선택 가이드 — 라벨 읽는 법",2,0,,blog-posts-79.ts
/blog/dog-trick-training-guide,blog,published,2026-06-15,"강아지 트릭 훈련 — 악수·하이파이브·빙글빙글·엎드려 완전 가이드",0,0,,blog-posts-15.ts
/blog/dog-vaccination-schedule,blog,published,2026-04-25,"강아지 예방접종 일정표 — 기초부터 추가 접종까지 완벽 정리",3,0,,blog-posts-3.ts
/blog/dog-vegetable-safe-guide,blog,published,2026-10-03,"강아지에게 줄 수 있는 채소 — 안전한 것과 위험한 것",2,0,,blog-posts-80.ts
/blog/dog-vegetables-fruits-guide,blog,published,,"강아지에게 줘도 되는 채소·과일 vs 위험한 것",3,0,,blog-posts-6.ts
/blog/dog-vestibular-disease-sudden-tilt,blog,published,2026-12-19,"강아지 전정기관 이상 — 갑자기 비틀거리고 눈이 돌아갈 때",2,0,,blog-posts-111.ts
/blog/dog-vomiting-cause-guide,blog,published,2026-11-12,"강아지 구토 — 언제 걱정해야 하고 언제 지켜봐도 되는가",2,0,,blog-posts-96.ts
/blog/dog-vomiting-when-to-vet,blog,published,2026-05-22,"강아지가 갑자기 구토했을 때 — 집에서 할 것 vs 병원 가야 할 때",4,0,,blog-posts.ts
/blog/dog-vomiting-when-to-worry,blog,published,2026-07-24,"강아지 구토 — 괜찮은 구토와 위험한 구토를 구분하는 법",3,0,,blog-posts-52.ts
/blog/dog-walk-equipment-guide,blog,published,,"강아지 산책 장비 완전 가이드 — 하네스·리드줄·파우치 선택법",3,0,,blog-posts-11.ts
/blog/dog-walk-guide,blog,published,2026-05-18,"강아지 산책 완전 가이드 — 시간·횟수·리드줄 에티켓까지",4,1,,blog-posts.ts
/blog/dog-weight-management,blog,published,2026-05-22,"강아지 체중 관리 — 비만도 확인법과 다이어트 방법",4,1,,blog-posts-2.ts
/blog/dog-wet-dry-food-mixing-guide,blog,published,2027-01-12,"강아지 건식·습식 혼합 급여 — 비율과 장단점",2,0,,blog-posts-120.ts
/blog/dog-wet-vs-dry-food-comparison,blog,published,2026-06-04,"강아지 습식 사료 vs 건식 사료 — 수분·소화율·비용으로 완전 비교",3,0,,blog-posts-28.ts
/blog/dog-winter-care-guide,blog,published,,"강아지 겨울 관리 가이드 — 추위·빙판길·건조함 대처법",3,0,,blog-posts-10.ts
/blog/dog-winter-cold-care,blog,published,2026-09-26,"강아지 겨울 추위 보호 — 품종별 위험 온도와 실내 관리",2,0,,blog-posts-77.ts
/blog/dog-winter-cold-care-guide,blog,published,2026-07-31,"겨울철 강아지 케어 — 추위·건조·제설제로부터 반려견 지키기",3,0,,blog-posts-54.ts
/blog/dog-winter-paw-frostbite-care,blog,published,2026-12-15,"강아지 겨울 발바닥 동상·저체온증 예방 완전 가이드",2,0,,blog-posts-109.ts
/blog/domestic-pet-travel-regulations,blog,published,2026-11-25,"국내 반려동물 여행 법규 — 기차·버스·택시 반려동물 동반 규정",2,0,,blog-posts-101.ts
/blog/end-of-life-signs-in-pets,blog,published,2026-11-16,"반려동물의 임종 신호 — '이제 다 됐다'는 것을 어떻게 아는가",2,0,,blog-posts-97.ts
/blog/ethical-breeder-how-to-find,blog,published,2026-09-25,"윤리적 브리더 찾는 방법 — 믿을 수 있는 브리더의 8가지 특징",2,0,,blog-posts-77.ts
/blog/exotic-pet-legal-ownership-guide,blog,published,2026-08-31,"특수 동물(파충류·조류·포유류) 소유 — 법적으로 허용되는 것과 금지된 것",2,0,,blog-posts-67.ts
/blog/explaining-pet-death-to-children,blog,published,,"아이에게 반려동물의 죽음 설명하는 법 — 나이별 접근 가이드",3,0,,blog-posts-13.ts
/blog/fall-pet-care-guide,blog,published,2026-06-24,"가을 반려동물 케어 가이드 — 환절기 건강·털갈이·진드기",0,1,,blog-posts-20.ts
/blog/family-pet-adoption-agreement-checklist,blog,published,2026-12-20,"반려동물 입양 전 가족 합의 체크리스트",2,0,,blog-posts-111.ts
/blog/feral-cat-socialization-guide,blog,published,2026-10-13,"길고양이(야생 고양이) 사회화 — 가능한가, 어디까지인가",2,0,,blog-posts-84.ts
/blog/ferret-adoption-care-guide,blog,published,2026-08-03,"페럿 입양 가이드 — 개와 고양이 사이 어딘가의 매력적인 동물",3,0,,blog-posts-56.ts
/blog/foster-pet-guide,blog,published,,"반려동물 임시보호 입문 가이드 — 어떻게 시작하고 무엇을 준비해야 할까",3,2,,blog-posts-4.ts
/blog/freeze-dried-raw-safety-guide,blog,published,2026-10-16,"동결건조 생식 사료 — 일반 생식보다 안전할까",2,0,,blog-posts-85.ts
/blog/french-bulldog-care-guide,blog,published,2026-06-22,"프렌치 불독 완전 케어 가이드 — 단두종 특수 관리법",0,0,,blog-posts-19.ts
/blog/getting-new-pet-after-loss,blog,published,2026-12-26,"펫로스 후 새 반려동물을 들여도 될까",2,0,,blog-posts-113.ts
/blog/golden-retriever-care-guide,blog,published,2026-06-22,"골든 리트리버 완전 케어 가이드 — 운동·건강·훈련",0,3,,blog-posts-19.ts
/blog/grain-free-dog-food-heart-risk,blog,published,2026-12-13,"그레인프리 사료와 심장병(DCM) — 논란의 현재 상태",2,0,,blog-posts-108.ts
/blog/guinea-pig-adoption-guide,blog,published,2026-07-12,"기니피그 입양 가이드 — 소형 포유류 중 가장 사회적인 반려동물",3,0,,blog-posts-47.ts
/blog/hamster-adoption-beginner-guide,blog,published,2026-11-18,"햄스터 입양 초보 가이드 — 야행성 작은 생명과 함께하기",2,0,,blog-posts-98.ts
/blog/holiday-pet-safety-guide,blog,published,2026-06-25,"명절 반려동물 케어 — 위험 음식·혼자 두기·스트레스 관리",0,1,,blog-posts-20.ts
/blog/homemade-cat-food-guide,blog,published,2026-08-15,"고양이 집밥(홈쿡) — 강아지와 다른 고양이 식이의 까다로운 기준",3,0,,blog-posts-60.ts
/blog/indoor-vs-outdoor-cat-debate,blog,published,2026-07-22,"실내 고양이 vs 실외 고양이 — 어떤 선택이 고양이에게 더 좋은가",3,1,,blog-posts-51.ts
/blog/indoor-vs-outdoor-cat-lifespan,blog,published,2027-01-17,"실내 vs 실외 고양이 수명 차이 — 데이터가 말하는 것",2,1,,blog-posts-122.ts
/blog/jindo-dog-care-guide,blog,published,2026-06-23,"진돗개 완전 케어 가이드 — 한국 토종견 특성과 관리",0,1,,blog-posts-19.ts
/blog/kitten-first-month-care,blog,published,,"새끼 고양이 첫 달 케어 — 이유식부터 화장실 훈련까지",3,0,,blog-posts-4.ts
/blog/kitten-first-week-guide,blog,published,2026-07-04,"새끼 고양이 처음 데려온 첫 주 — 보호자가 꼭 해야 할 것, 하면 안 될 것",3,0,,blog-posts-44.ts
/blog/kitten-first-week-home-checklist,blog,published,2026-06-08,"아기 고양이 입양 첫 주 — 집 도착부터 첫 병원 방문까지 체크리스트",3,0,,blog-posts-34.ts
/blog/kitten-first-year-checklist,blog,published,2026-10-03,"키튼 첫 해 체크리스트 — 예방접종부터 중성화까지",2,0,,blog-posts-80.ts
/blog/kitten-weaning-solid-food-transition,blog,published,2026-12-08,"키튼 이유식에서 고형식으로 — 4~8주 전환 단계별 방법",2,0,,blog-posts-106.ts
/blog/large-breed-senior-dog-adoption,blog,published,2026-12-08,"대형 노령견 입양 — 7살 이상 래브라도·골든의 실제 케어",2,0,,blog-posts-106.ts
/blog/large-dog-vs-small-dog-guide,blog,published,2026-07-05,"대형견 vs 소형견 — 라이프스타일에 맞는 선택을 위한 현실 비교",3,0,,blog-posts-44.ts
/blog/lost-cat-search-guide,blog,published,2026-08-18,"고양이를 잃어버렸을 때 — 강아지와 다른 수색 방법",2,0,,blog-posts-62.ts
/blog/lost-pet-recovery-guide,blog,published,2026-11-03,"반려동물 분실·도난 시 법적 대처와 실전 찾기 방법",2,0,,blog-posts-92.ts
/blog/lost-pet-reporting-procedure,blog,published,2026-06-20,"반려동물 잃어버렸을 때 — 처음 24시간이 가장 중요한 이유",3,0,,blog-posts-38.ts
/blog/maine-coon-care-guide,blog,published,2026-06-23,"메인쿤 완전 케어 가이드 — 대형묘 특성·건강·관리",0,0,,blog-posts-19.ts
/blog/male-dog-prostate-disease-guide,blog,published,2026-08-22,"수컷 강아지 전립선 질환 — 중성화 안 한 개에서 흔한 이유",2,0,,blog-posts-63.ts
/blog/male-vs-female-cat-personality,blog,published,2026-12-25,"수컷 vs 암컷 고양이 성격 — 중성화 후 실제 차이",2,0,,blog-posts-113.ts
/blog/maltese-care-guide,blog,published,2026-06-22,"말티즈 완전 케어 가이드 — 특성·건강·미용·훈련",0,1,,blog-posts-19.ts
/blog/memorial-items-for-pet-loss,blog,published,2027-01-15,"반려동물 추모 기념품 — 잃은 아이를 기억하는 방법들",2,0,,blog-posts-121.ts
/blog/microchip-animal-registration-guide,blog,published,2026-06-22,"동물등록 마이크로칩 완전 가이드 — 의무 대상부터 등록 방법까지",3,0,,blog-posts-39.ts
/blog/microchip-info-update-guide,blog,published,2026-08-19,"마이크로칩 정보 변경하는 방법 — 이사·전화번호 바뀌면 꼭 해야 하는 것",2,0,,blog-posts-62.ts
/blog/mixed-breed-dog-adoption-pros,blog,published,2026-12-15,"믹스견 입양의 장점과 현실 — 순종견과 무엇이 다른가",2,0,,blog-posts-109.ts
/blog/mixed-breed-vs-purebred-health,blog,published,2026-10-05,"믹스견·믹스묘 vs 순종 — 건강 수명은 누가 더 길까",2,0,,blog-posts-81.ts
/blog/multi-cat-household-harmony,blog,published,2026-08-08,"다묘 가정 평화 유지하기 — 3마리 이상 고양이가 함께 사는 법",3,0,,blog-posts-57.ts
/blog/multi-cat-introduction-guide,blog,published,,"고양이 합사 방법 — 기존 고양이와 새 고양이 소개하기",3,0,,blog-posts-4.ts
/blog/multi-cat-territory-management,blog,published,2026-10-26,"다묘 가정 영역 관리 — 고양이들이 평화롭게 사는 공간 설계",2,0,,blog-posts-89.ts
/blog/multi-dog-household-introduction-guide,blog,published,2026-06-06,"다견 가정 강아지 합사 방법 — 첫 만남부터 공존까지 단계별 가이드",3,1,,blog-posts-31.ts
/blog/multi-dog-household-management,blog,published,2026-08-31,"다견 가정 관리 — 두 마리 이상의 개가 평화롭게 사는 비결",2,0,,blog-posts-67.ts
/blog/multi-pet-insurance-strategy,blog,published,2026-06-02,"다묘·다견 가정 펫보험 전략 — 두 마리 이상 보험, 이렇게 설계한다",3,2,,blog-posts-26.ts
/blog/newborn-and-pet-guide,blog,published,2026-06-30,"신생아와 반려동물 — 안전한 공존 준비 완전 가이드",0,1,,blog-posts-23.ts
/blog/newborn-kitten-care-guide,blog,published,2026-11-14,"갓 태어난 새끼 고양이 케어 — 어미 없이 발견했을 때",2,0,,blog-posts-97.ts
/blog/online-vet-consultation-guide,blog,published,2026-06-28,"온라인 수의사 상담 — 활용법과 한계 완전 가이드",2,0,,blog-posts-22.ts
/blog/parrot-bird-adoption-guide,blog,published,2026-08-11,"앵무새 입양 전에 알아야 할 것 — 수십 년을 함께할 동반자",3,0,,blog-posts-59.ts
/blog/pedigree-vs-mixed-breed-cat-guide,blog,published,2026-07-29,"품종묘 vs 혼합묘 — 어떤 선택이 나에게 맞는가",3,0,,blog-posts-54.ts
/blog/persian-cat-care-guide,blog,published,2026-06-24,"페르시안 고양이 완전 케어 가이드 — 장모·눈물·건강 관리",0,1,,blog-posts-19.ts
/blog/pet-abandonment-law,blog,published,,"반려동물 유기하면 어떻게 되나 — 법적 처벌과 신고 방법",3,1,,blog-posts-9.ts
/blog/pet-abroad-emigration-guide,blog,published,2026-07-27,"반려동물과 해외 이민·장기 출국 — 나라별 입국 요건 준비 방법",3,0,,blog-posts-53.ts
/blog/pet-adoption-scam-prevention,blog,published,2026-11-26,"반려동물 입양 사기 예방 — '선금 보내면 강아지 배송' 사기 유형",2,0,,blog-posts-101.ts
/blog/pet-adoption-vs-purchase,blog,published,,"반려동물 분양 vs 입양 — 장단점 완벽 비교",3,0,,blog-posts-5.ts
/blog/pet-airline-travel-guide,blog,published,,"반려동물 비행기 탑승 완전 가이드 — 기내반입·탁송·건강증명서",3,1,,blog-posts-14.ts
/blog/pet-airplane-travel-regulation,blog,published,2026-09-14,"반려동물 항공 이동 규정 — 기내 vs 화물칸, 항공사별 차이",2,0,,blog-posts-72.ts
/blog/pet-allergy-season-guide,blog,published,2026-06-25,"반려동물 알레르기 시즌 관리 — 봄·가을 집중 케어 완전 가이드",2,0,,blog-posts-20.ts
/blog/pet-anniversary-memorial-ideas,blog,published,2026-06-03,"반려동물 기일 추모 방법 — 1주기를 의미 있게 보내는 방식들",2,0,,blog-posts-27.ts
/blog/pet-apartment-rules-dispute,blog,published,2026-10-08,"아파트 반려동물 규정 분쟁 — 관리 규약과 법적 한계",2,0,,blog-posts-82.ts
/blog/pet-apartment-rules-guide,blog,published,2026-07-08,"아파트·공동주택 반려동물 규정 — 키울 수 있는 권리와 이웃과의 경계",3,0,,blog-posts-45.ts
/blog/pet-app-recommendations,blog,published,2026-06-29,"반려동물 앱 추천 — 건강·일정·커뮤니티 앱 완전 정리",0,1,,blog-posts-22.ts
/blog/pet-ashes-memorial-keepsake-ideas,blog,published,2026-08-10,"반려동물 유골 보관 아이디어 — 유골함부터 기념 주얼리까지",3,0,,blog-posts-58.ts
/blog/pet-auto-feeder-guide,blog,published,2026-06-20,"반려동물 자동 급식기 — 선택 기준과 올바른 활용법",0,1,,blog-posts-18.ts
/blog/pet-belongings-after-loss,blog,published,2026-12-16,"반려동물 떠난 후 남은 용품 처리 — 버리는 것과 간직하는 것",2,0,,blog-posts-109.ts
/blog/pet-bite-liability-guide,blog,published,,"반려동물이 사람을 물었을 때 — 법적 책임과 배상",3,0,,blog-posts-10.ts
/blog/pet-boarding-facility-checklist,blog,published,2026-11-07,"반려동물 위탁 시설 선택 — 여행 전 반드시 확인할 것들",2,0,,blog-posts-94.ts
/blog/pet-boarding-guide,blog,published,2026-07-02,"반려동물 위탁 기관 선택 완전 가이드 — 체크리스트 포함",0,3,,blog-posts-23.ts
/blog/pet-breed-housing-discrimination,blog,published,2026-11-28,"특정 품종 입주 거부 — 아파트·오피스텔에서 품종으로 차별받을 때",2,0,,blog-posts-102.ts
/blog/pet-cafe-etiquette,blog,published,2026-05-22,"반려동물 동반 카페·숙소 에티켓 — 집사가 지켜야 할 7가지",3,1,,blog-posts-2.ts
/blog/pet-camera-guide,blog,published,2026-06-20,"반려동물 홈카메라 가이드 — 종류 비교와 최적 활용법",0,1,,blog-posts-18.ts
/blog/pet-camping-outdoor-guide,blog,published,2026-08-12,"반려동물과 캠핑·야외 활동 — 규정·안전·에티켓 완전 가이드",3,0,,blog-posts-59.ts
/blog/pet-carrier-training-complete,blog,published,2026-07-26,"이동장 훈련 완전 가이드 — 고양이·강아지가 이동장을 좋아하게 만들기",3,0,,blog-posts-52.ts
/blog/pet-consumer-rights-guide,blog,published,2026-06-27,"반려동물 소비자 권리 — 분쟁·환불·민원 처리 완전 가이드",3,0,,blog-posts-21.ts
/blog/pet-contract-adoption-guide,blog,published,2026-06-03,"반려동물 분양·입양 계약서 작성법 — 꼭 포함해야 할 내용과 주의사항",3,0,,blog-posts-28.ts
/blog/pet-cremation-types-comparison,blog,published,2027-01-07,"반려동물 화장 방법 비교 — 개별·합동·수분해장",2,0,,blog-posts-118.ts
/blog/pet-cremation-vs-burial,blog,published,,"반려동물 화장 vs 장묘 — 비용·절차·선택 기준 완전 비교",3,0,,blog-posts-13.ts
/blog/pet-damage-compensation-guide,blog,published,2026-09-23,"반려동물이 재산 피해를 입혔을 때 — 배상 책임과 처리 방법",2,0,,blog-posts-76.ts
/blog/pet-damage-neighbor-dispute,blog,published,2026-07-18,"반려동물이 이웃에게 피해를 줬을 때 — 물림 사고·재산 피해 법적 처리",3,0,,blog-posts-49.ts
/blog/pet-death-admin-checklist,blog,published,2026-06-02,"반려동물이 떠난 후 해야 할 행정 처리 — 동물등록 말소부터 보험금 청구까지",3,0,,blog-posts-25.ts
/blog/pet-death-legal-guide,blog,published,,"반려동물이 죽었을 때 해야 할 법적·행정 처리",3,0,,blog-posts-10.ts
/blog/pet-death-registration-cancel,blog,published,2026-12-12,"반려동물 사망 후 동물등록 말소 절차 완전 정리",2,0,,blog-posts-108.ts
/blog/pet-dental-insurance-guide,blog,published,2026-06-27,"반려동물 치과 보험 — 스케일링·발치 적용 범위 완전 정리",3,1,,blog-posts-21.ts
/blog/pet-dna-test-guide,blog,published,2026-06-29,"반려동물 DNA 검사 완전 가이드 — 품종 확인부터 건강 예측까지",0,1,,blog-posts-22.ts
/blog/pet-emergency-kit-guide,blog,published,2026-06-18,"반려동물 응급 처치 키트 — 구성법과 상황별 사용법",2,0,,blog-posts-17.ts
/blog/pet-emergency-vet-preparation,blog,published,2026-08-29,"응급 동물병원 준비 — 위기 순간에 당황하지 않는 방법",2,0,,blog-posts-66.ts
/blog/pet-end-of-life-signs,blog,published,,"반려동물의 마지막 징후 — 곁에 있어줘야 할 때를 알아보는 법",3,0,,blog-posts-13.ts
/blog/pet-euthanasia-decision-guide,blog,published,2026-06-20,"안락사 — 결정을 앞두고 있는 보호자에게",3,0,,blog-posts-38.ts
/blog/pet-euthanasia-guide,blog,published,,"반려동물 안락사 — 결정부터 이후까지, 알아야 할 모든 것",3,0,,blog-posts-13.ts
/blog/pet-financial-products-guide,blog,published,,"반려동물 전용 금융 상품 — 적금·카드 혜택 비교와 활용법",3,0,,blog-posts-10.ts
/blog/pet-first-aid-basic-guide,blog,published,2026-06-30,"반려동물 응급처치 기본 — 동물병원 가기 전 보호자가 할 수 있는 것",3,0,,blog-posts-42.ts
/blog/pet-food-ingredient-label-guide,blog,published,2026-06-25,"반려동물 사료 성분표 읽는 법 — 좋은 사료와 나쁜 사료를 구분하는 5가지 기준",3,0,,blog-posts-40.ts
/blog/pet-food-recall-response-guide,blog,published,2026-11-21,"사료 리콜 시 대처 방법 — 먹이던 사료가 리콜됐을 때",2,0,,blog-posts-99.ts
/blog/pet-food-rotation-guide,blog,published,2026-06-16,"반려동물 사료 로테이션 — 필요 여부와 전환 시 고려사항",2,0,,blog-posts-16.ts
/blog/pet-friendly-accommodation-selection,blog,published,2026-12-22,"반려동물 동반 숙박 선택 기준 — 체크하지 않으면 낭패",2,0,,blog-posts-112.ts
/blog/pet-friendly-cafe-restaurant-guide,blog,published,2026-08-14,"반려동물 동반 카페·식당 이용 가이드 — 함께 나가는 기쁨",3,0,,blog-posts-60.ts
/blog/pet-funeral-options-guide,blog,published,2026-07-10,"반려동물 장례 방법 — 화장·수목장·자연장 선택 기준과 비용",3,0,,blog-posts-46.ts
/blog/pet-funeral-options-korea,blog,published,2026-09-24,"국내 반려동물 장례 형태 — 화장·수목장·해양 산골 비교",2,0,,blog-posts-76.ts
/blog/pet-funeral-self-preparation-guide,blog,published,2026-06-06,"반려동물 장례식 직접 준비하기 — 가정 장례의 의미와 절차",3,0,,blog-posts-32.ts
/blog/pet-gps-tracker-guide,blog,published,2026-06-22,"반려동물 GPS 트래커 완전 가이드 — 종류 비교와 추천 기준",0,2,,blog-posts-18.ts
/blog/pet-grief-recovery-guide,blog,published,,"펫로스 증후군 극복 가이드 — 슬픔을 통과하는 법",3,1,,blog-posts-13.ts
/blog/pet-home-memorial-ceremony,blog,published,2026-07-04,"집에서 하는 작은 작별 — 반려동물을 위한 홈 추모 방법들",3,0,,blog-posts-43.ts
/blog/pet-homemade-diet-safety,blog,published,2026-06-17,"반려동물 자연식의 진실 — 영양 균형 맞추는 완전 가이드",0,0,,blog-posts-16.ts
/blog/pet-hospice-care-guide,blog,published,,"반려동물 호스피스 케어 가이드 — 마지막 시간을 편안하게",3,0,,blog-posts-13.ts
/blog/pet-hospice-vet-questions-guide,blog,published,2026-06-04,"반려동물 마지막 시간, 수의사에게 꼭 물어봐야 할 것들",3,0,,blog-posts-29.ts
/blog/pet-hotel-boarding-checklist,blog,published,2026-07-27,"반려동물 호텔·위탁 맡기기 전 체크리스트 — 안전한 곳 고르는 기준",3,0,,blog-posts-53.ts
/blog/pet-human-allergy-guide,blog,published,2026-07-03,"사람 반려동물 알레르기 — 증상·진단·함께 사는 완전 가이드",2,0,,blog-posts-24.ts
/blog/pet-insurance-age-renewal-guide,blog,published,,"노령 반려동물 펫보험 — 나이 제한과 갱신 전략 완전 정리",3,0,,blog-posts-10.ts
/blog/pet-insurance-cat-guide,blog,published,2026-06-26,"고양이 펫보험 완전 가이드 — 선택 기준과 주요 특약 비교",3,1,,blog-posts-21.ts
/blog/pet-insurance-claim-guide,blog,published,2026-05-22,"펫보험 보험금 청구 방법 — 서류 준비부터 입금까지",2,1,,blog-posts-2.ts
/blog/pet-insurance-claim-rejected,blog,published,2026-10-18,"펫보험 청구 거절됐을 때 — 이의 제기 방법과 성공 전략",2,0,,blog-posts-86.ts
/blog/pet-insurance-claim-rejection-guide,blog,published,2026-07-05,"펫보험 청구가 거절됐을 때 — 이의 신청 방법과 거절 유형별 대처",3,0,,blog-posts-44.ts
/blog/pet-insurance-claim-rejection-reasons,blog,published,2027-01-03,"펫보험 보험금 청구 거절 사유 TOP 5",2,0,,blog-posts-116.ts
/blog/pet-insurance-comparison-guide,blog,published,,"펫보험 비교 가이드 — 제대로 고르는 5가지 기준",3,0,,blog-posts-9.ts
/blog/pet-insurance-comparison-hidden-tips,blog,published,2026-08-07,"펫보험 비교할 때 놓치는 것들 — 보험료보다 중요한 5가지",3,0,,blog-posts-57.ts
/blog/pet-insurance-comparison-method,blog,published,2026-06-28,"펫보험 제대로 비교하는 방법 — 5가지 핵심 기준 완전 정리",3,0,,blog-posts-21.ts
/blog/pet-insurance-coverage-reduced-at-renewal,blog,published,2026-06-04,"펫보험 갱신 시 보장 범위가 줄어든다? — 조건 변경 유형과 대응법",3,0,,blog-posts-29.ts
/blog/pet-insurance-deductible-fixed-vs-rate,blog,published,2026-06-03,"펫보험 자기부담금 정액제 vs 정률제 — 어떤 게 유리한가",2,0,,blog-posts-27.ts
/blog/pet-insurance-deductible-guide,blog,published,2026-06-26,"펫보험 자기부담금 완전 이해 — 20% vs 정액제 선택 기준",3,1,,blog-posts-21.ts
/blog/pet-insurance-dental-coverage,blog,published,2026-09-06,"펫보험 치과 보장 — 치석 제거와 발치는 보상받을 수 있을까",2,0,,blog-posts-69.ts
/blog/pet-insurance-exclusion-clauses,blog,published,2026-10-14,"펫보험 면책 조항 완전 해설 — 이것을 몰랐다가 청구 거절된다",2,0,,blog-posts-84.ts
/blog/pet-insurance-exclusions-guide,blog,published,,"펫보험 면책사항 완전 정리 — 이것은 안 된다고요?",3,0,,blog-posts-9.ts
/blog/pet-insurance-guide,blog,published,2026-05-22,"펫보험 처음 가입할 때 확인해야 할 5가지",2,0,,blog-posts-2.ts
/blog/pet-insurance-hereditary-coverage,blog,published,2026-08-24,"펫보험 유전·선천성 질환 보장 — 약관 속 함정 읽는 법",2,0,,blog-posts-64.ts
/blog/pet-insurance-premium-comparison,blog,published,2026-11-13,"펫보험 보험료 비교 — 같아 보이는 보험이 왜 가격이 다른가",2,0,,blog-posts-96.ts
/blog/pet-insurance-premium-saving-tips,blog,published,2026-06-12,"펫보험 보험료 절약 꿀팁 — 같은 보장, 더 싸게 가입하는 5가지 방법",3,0,,blog-posts-35.ts
/blog/pet-insurance-refund-vs-loss-type,blog,published,2026-06-02,"펫보험 환급형 vs 소멸형 — 보호자 상황별 최적 선택 기준",3,0,,blog-posts-25.ts
/blog/pet-insurance-renewal-cancel-guide,blog,published,2026-08-02,"펫보험 갱신과 해지 — 보험료 오를 때 어떻게 결정해야 하나",3,0,,blog-posts-55.ts
/blog/pet-insurance-renewal-rejection,blog,published,2026-12-17,"펫보험 갱신 거절 — 사유와 대처법",2,0,,blog-posts-110.ts
/blog/pet-insurance-renewal-rejection-guide,blog,published,2026-06-02,"펫보험 갱신 거절 사유 5가지 — 나이·질환 이력·품종별 인수 기준 완전 정리",3,0,,blog-posts-26.ts
/blog/pet-insurance-waiting-period,blog,published,2026-06-27,"펫보험 대기 기간 완전 이해 — 기간·종류·가입 전략",3,0,,blog-posts-21.ts
/blog/pet-insurance-waiting-period-guide,blog,published,2027-01-10,"펫보험 대기 기간 — 가입 직후 보장 안 되는 항목들",2,0,,blog-posts-119.ts
/blog/pet-international-travel-microchip,blog,published,2026-12-07,"반려동물 해외 출국·입국 — 마이크로칩·검역·서류 완전 가이드",2,0,,blog-posts-106.ts
/blog/pet-jealousy-management,blog,published,2026-07-01,"반려동물 질투심 — 원인 이해와 관리법 완전 가이드",0,1,,blog-posts-23.ts
/blog/pet-legal-status-korea-2024,blog,published,2026-09-27,"한국 반려동물의 법적 지위 — 물건인가, 존재인가",2,0,,blog-posts-77.ts
/blog/pet-legal-will-trust-guide,blog,published,2026-06-04,"반려동물 유언 계획 — 내가 없을 때 아이를 지키는 법적 방법",3,0,,blog-posts-29.ts
/blog/pet-loss-anniversary-memorial-day,blog,published,2027-01-23,"반려동물 기일 — 기억의 날을 어떻게 보낼 것인가",2,0,,blog-posts-124.ts
/blog/pet-loss-children-guide,blog,published,2026-09-16,"아이에게 반려동물의 죽음 설명하기 — 나이에 맞는 방법",2,0,,blog-posts-73.ts
/blog/pet-medical-expense-tax-deduction-guide,blog,published,2026-06-12,"반려동물 의료비 세액공제 가이드 — 2024년 이후 달라진 기준 총정리",3,0,,blog-posts-35.ts
/blog/pet-medical-expense-tax-info,blog,published,2026-12-23,"반려동물 의료비 세액공제 — 현재 공제 대상 여부 총정리",2,0,,blog-posts-112.ts
/blog/pet-memorial-garden-making-guide,blog,published,2026-06-06,"반려동물 추모 정원 만들기 — 식물로 기억을 남기는 방법",2,0,,blog-posts-32.ts
/blog/pet-memorial-ideas,blog,published,,"반려동물 추모 방법 15가지 — 마음을 담은 기억 방식",3,0,,blog-posts-13.ts
/blog/pet-memorial-memory-box-making-guide,blog,published,2026-06-13,"반려동물 추모 메모리박스 만들기 — 기억을 오래 간직하는 방법",2,0,,blog-posts-35.ts
/blog/pet-memorial-park-guide,blog,published,,"반려동물 추모공원 이용 가이드 — 공원 선택부터 안치까지",3,0,,blog-posts-13.ts
/blog/pet-memorial-photo-video-album,blog,published,2026-06-04,"반려동물 추모 사진·영상 앨범 만들기 — 디지털·실물 각각 방법 정리",1,0,,blog-posts-29.ts
/blog/pet-memorial-tattoo-artwork-ideas,blog,published,2026-07-28,"반려동물 추모 타투와 아트워크 — 몸과 공간에 기억을 새기는 방법",3,0,,blog-posts-53.ts
/blog/pet-moving-guide,blog,published,2026-06-21,"반려동물과 이사하기 — 새 집 적응 완전 가이드",0,0,,blog-posts-18.ts
/blog/pet-moving-new-home-adaptation,blog,published,2026-06-05,"이사 후 반려동물 적응 — 새 집 첫날부터 2주 루틴 복구까지",3,0,,blog-posts-30.ts
/blog/pet-neighbor-dispute-resolution,blog,published,2026-06-03,"반려동물로 인한 이웃 분쟁 해결 방법 — 소음·냄새·물림 사고별 대처법",3,0,,blog-posts-27.ts
/blog/pet-noise-rental-dispute-guide,blog,published,2026-09-02,"반려동물 소음 분쟁 — 법적 대처와 예방 방법",2,0,,blog-posts-67.ts
/blog/pet-online-purchase-consumer-rights,blog,published,2026-06-05,"반려동물 용품·사료 온라인 구매 피해 예방 — 소비자 권리와 환불 기준",3,1,,blog-posts-30.ts
/blog/pet-owner-estate-planning,blog,published,2026-10-04,"반려동물 보호자 사망 또는 입원 후 — 반려동물은 어떻게 되나",2,0,,blog-posts-80.ts
/blog/pet-photo-tips,blog,published,2026-06-21,"반려동물 사진 잘 찍는 법 — 스마트폰으로 인생샷 완성",0,0,,blog-posts-18.ts
/blog/pet-photo-tips-guide,blog,published,2026-07-21,"반려동물 사진 잘 찍는 법 — 스마트폰으로 작가 같은 사진 만들기",3,0,,blog-posts-50.ts
/blog/pet-quality-of-life-assessment,blog,published,2026-11-08,"반려동물 삶의 질 평가 — '아직 괜찮은가'를 객관적으로 보는 방법",2,0,,blog-posts-94.ts
/blog/pet-registration-guide,blog,published,2026-05-22,"동물등록 방법 안내 — 내장형·외장형과 변경 신고",3,0,,blog-posts.ts
/blog/pet-rental-contract-guide,blog,published,,"반려동물과 전세·월세 계약 — 특약·분쟁 예방 가이드",3,1,,blog-posts-14.ts
/blog/pet-rental-no-pets-dispute,blog,published,2026-09-29,"반려동물 금지 건물에서 키우다 걸렸을 때 — 법적 권리와 대처법",2,0,,blog-posts-78.ts
/blog/pet-separation-anxiety-treatment-guide,blog,published,2026-06-15,"반려동물 분리불안 — 혼자 있을 때만 나타나는 증상과 단계별 극복 훈련",3,0,,blog-posts-36.ts
/blog/pet-sitter-dogwalker-contract-guide,blog,published,2026-06-07,"펫시터·도그워커 고용 시 확인해야 할 계약 사항 — 사고 대비 체크리스트",3,0,,blog-posts-33.ts
/blog/pet-sitter-guide-advanced,blog,published,2026-07-02,"펫시터 제대로 선택하는 법 — 면접 질문과 계약 주의사항",0,2,,blog-posts-23.ts
/blog/pet-subscription-box-guide,blog,published,2026-06-30,"반려동물 구독 박스 완전 가이드 — 선택 기준과 이용 팁",0,0,,blog-posts-22.ts
/blog/pet-surgery-insurance-guide,blog,published,2026-06-27,"반려동물 수술 보험 — 필요한 경우와 보장 범위 완전 가이드",3,0,,blog-posts-21.ts
/blog/pet-toxic-plants-cat-guide,blog,published,2026-06-26,"고양이에게 독성인 주요 식물 — 실내 식물 위험 점검",2,0,,blog-posts-20.ts
/blog/pet-toxic-plants-dog-guide,blog,published,2026-06-26,"강아지에게 독성인 주요 식물 — 화분 점검 가이드",2,0,,blog-posts-20.ts
/blog/pet-travel-airline-rules-guide,blog,published,2026-06-07,"반려동물 비행기 탑승 규정 완전 가이드 — 국내선·국제선 기준과 준비 절차",3,0,,blog-posts-33.ts
/blog/pet-travel-guide,blog,published,2026-03-26,"강아지·고양이와 함께 여행하는 법 — 준비부터 숙소까지",3,1,,blog-posts-3.ts
/blog/pet-vet-visit-guide,blog,published,2026-06-19,"동물병원 방문 전 준비 완전 가이드 — 스트레스 줄이는 방법",3,0,,blog-posts-17.ts
/blog/pet-vitamin-d-toxicity-risk,blog,published,2027-01-22,"반려동물 비타민D 과잉 — 보충제 과다 투여의 위험",2,0,,blog-posts-124.ts
/blog/pet-wearable-guide,blog,published,2026-06-28,"반려동물 웨어러블 기기 — 건강 모니터링 완전 가이드",0,2,,blog-posts-22.ts
/blog/pet-will-care-plan-guide,blog,published,2026-07-23,"내가 먼저 세상을 떠난다면 — 반려동물 위탁 계획 세우기",3,0,,blog-posts-51.ts
/blog/pet-will-guide,blog,published,,"반려동물을 위한 유언장 작성 가이드 — 내가 없을 때 아이를 지키는 법",3,0,,blog-posts-13.ts
/blog/petloss-anniversary-grief,blog,published,2026-07-16,"반려동물 기일 — 슬픔이 다시 찾아오는 날, 어떻게 보낼까",3,0,,blog-posts-48.ts
/blog/petloss-children-explanation-guide,blog,published,2026-06-28,"아이에게 반려동물의 죽음을 어떻게 설명할까",3,0,,blog-posts-41.ts
/blog/petloss-grief-support-resources,blog,published,2026-07-21,"펫로스 이후 혼자 감당하지 않아도 된다 — 도움 받을 수 있는 곳들",3,0,,blog-posts-50.ts
/blog/petloss-guilt-coping-guide,blog,published,2026-08-20,"펫로스 죄책감 — '내 잘못이 아니다'라고 스스로에게 말해줘야 하는 이유",2,0,,blog-posts-62.ts
/blog/petloss-legacy-donation-memorial,blog,published,2026-08-15,"반려동물을 기억하는 기부 — 그 사랑을 다른 생명으로 이어가기",3,0,,blog-posts-60.ts
/blog/petloss-memorial-keepsake,blog,published,2026-10-11,"반려동물 기억 간직하기 — 애도를 도와주는 방법들",2,0,,blog-posts-83.ts
/blog/petloss-recovery-timeline,blog,published,2026-10-02,"펫로스 회복 — '언제쯤 괜찮아지나요'에 대한 솔직한 답",2,0,,blog-posts-79.ts
/blog/petloss-return-to-daily-life,blog,published,2026-06-02,"펫로스 후 일상으로 돌아가기 — 직장과 사회생활을 다시 시작하는 방법",3,0,,blog-posts-26.ts
/blog/petloss-returning-to-daily-life,blog,published,2026-12-06,"펫로스 후 일상 복귀 — '이제 괜찮아도 되는가'라는 죄책감",2,0,,blog-posts-105.ts
/blog/petloss-support-community-guide,blog,published,2026-10-22,"펫로스 지지 모임 — 혼자 슬퍼하지 않아도 된다",2,0,,blog-posts-87.ts
/blog/petloss-telling-others-how-to,blog,published,2026-06-05,"반려동물을 잃은 후 주변에 알리는 방법 — 말하기 어려울 때 도움 받는 법",3,0,,blog-posts-30.ts
/blog/petshop-purchased-dog-consumer-rights,blog,published,2026-12-03,"펫숍 강아지 구입 후 질병 — 소비자 권리와 반품·환불 가능 여부",2,0,,blog-posts-104.ts
/blog/pomeranian-care-guide,blog,published,2026-06-22,"포메라니안 완전 케어 가이드 — 털 관리·건강·특성",0,0,,blog-posts-19.ts
/blog/positive-reinforcement-training-guide,blog,published,2026-08-26,"강아지 양성 강화 훈련 완전 가이드 — 처벌 없이 더 빠르게 배우는 이유",2,0,,blog-posts-65.ts
/blog/positive-reinforcement-vs-dominance-training,blog,published,2026-12-28,"긍정강화 vs 지배 기반 훈련 — 어떤 방법이 실제 효과적인가",2,0,,blog-posts-114.ts
/blog/pregnant-pet-care-guide,blog,published,2026-08-26,"임신한 반려동물 케어 — 개·고양이 임신 기간 관리 완전 가이드",2,0,,blog-posts-65.ts
/blog/prolonged-grief-petloss-guide,blog,published,2026-08-25,"펫로스 슬픔이 오래 지속될 때 — 복잡 애도와 일반 슬픔의 차이",2,0,,blog-posts-64.ts
/blog/puppy-feeding-schedule-guide,blog,published,2026-07-03,"강아지 나이별 급식 횟수와 양 — 생후 8주부터 성견까지 완전 가이드",3,0,,blog-posts-43.ts
/blog/puppy-first-night-home-guide,blog,published,2026-06-04,"강아지 첫날 밤 — 울음 달래는 법과 보호자가 해야 할 것",2,0,,blog-posts-28.ts
/blog/puppy-first-vet-visit-guide,blog,published,2026-07-09,"강아지 첫 동물병원 방문 — 무엇을 확인하고 무엇을 질문할까",3,0,,blog-posts-45.ts
/blog/puppy-first-week-guide,blog,published,,"강아지를 처음 집에 데려온 첫 주 가이드",3,0,,blog-posts-5.ts
/blog/puppy-food-transition-timing,blog,published,2026-07-19,"강아지 사료 언제 바꿔야 할까 — 퍼피에서 성견, 성견에서 시니어까지",3,0,,blog-posts-50.ts
/blog/puppy-mill-awareness-consumer-guide,blog,published,2026-08-11,"공장식 번식장의 실태 — 소비자가 알아야 하는 것",3,0,,blog-posts-59.ts
/blog/puppy-mill-red-flags-guide,blog,published,2026-09-25,"강아지 공장 식별 체크리스트 — 강아지 사기 예방의 첫걸음",2,0,,blog-posts-77.ts
/blog/puppy-socialization-critical-period,blog,published,2026-12-13,"퍼피 사회화 골든타임 — 8~16주에 반드시 할 것들",2,0,,blog-posts-108.ts
/blog/puppy-socialization-period-guide,blog,published,2026-06-22,"강아지 사회화 기간 — 3주~14주가 평생 성격을 결정한다",3,0,,blog-posts-39.ts
/blog/puppy-vs-adult-dog-adoption,blog,published,2026-11-11,"강아지 입양 — 어린 강아지 vs 성견, 무엇이 나에게 맞는가",2,0,,blog-posts-95.ts
/blog/puppy-vs-adult-dog-adoption-comparison,blog,published,2026-06-08,"강아지 입양 — 퍼피 vs 성견, 어떤 선택이 나에게 맞을까?",3,0,,blog-posts-34.ts
/blog/rabbit-adoption-beginner-complete,blog,published,2026-12-30,"토끼 입양 입문 — 생각보다 어려운 반려 토끼의 현실",2,0,,blog-posts-115.ts
/blog/rabbit-adoption-beginner-guide,blog,published,2026-11-01,"토끼 입양 초보자 가이드 — '쉬운 반려동물'이라는 오해",2,0,,blog-posts-91.ts
/blog/rabbit-adoption-guide,blog,published,2026-06-27,"토끼 입양 전에 알아야 할 것 — 개·고양이와 전혀 다른 반려 토끼의 현실",3,0,,blog-posts-41.ts
/blog/rainy-day-indoor-cat-activities,blog,published,2026-08-23,"비 오는 날 고양이와 함께하기 — 실내에서 자극을 만드는 10가지 방법",2,0,,blog-posts-63.ts
/blog/raw-cooked-kibble-comparison,blog,published,2026-07-24,"생식·자연식·건식 3가지 완전 비교 — 강아지·고양이에게 어떤 선택이 맞는가",3,0,,blog-posts-51.ts
/blog/raw-dog-food-safety-reality,blog,published,2026-12-18,"강아지 생식(Raw Food) 급여 — 위험성과 현실",2,0,,blog-posts-110.ts
/blog/raw-eggs-for-dogs-guide,blog,published,2026-08-06,"강아지에게 달걀 줘도 되나 — 날달걀 vs 익힌 달걀",3,0,,blog-posts-57.ts
/blog/raw-feeding-bacteria-safety,blog,published,2026-09-19,"생식(Raw Feeding) 세균 오염 위험 — 알아야 할 불편한 사실",2,0,,blog-posts-74.ts
/blog/remaining-pet-grief-behavior,blog,published,2026-08-30,"남겨진 반려동물도 슬퍼한다 — 동반 동물의 애도 행동 이해하기",2,0,,blog-posts-66.ts
/blog/rescue-animal-first-week,blog,published,2026-07-17,"구조 동물 첫 주 — 학대·방치 이력이 있는 동물의 적응 특수성",3,0,,blog-posts-49.ts
/blog/rescue-cat-333-rule,blog,published,2026-09-13,"구조묘 입양 후 3-3-3 규칙 — 왜 서두르면 안 되는가",2,0,,blog-posts-72.ts
/blog/second-cat-introduction-guide,blog,published,2026-09-20,"두 번째 고양이 도입 — 첫 고양이가 새 고양이를 받아들이는 단계별 방법",2,0,,blog-posts-75.ts
/blog/second-cat-right-timing,blog,published,2026-08-21,"두 번째 고양이를 맞이하는 적절한 시기 — 서두르면 둘 다 불행해진다",2,0,,blog-posts-63.ts
/blog/second-dog-adoption-timing,blog,published,2027-01-08,"두 번째 강아지 입양 시기 — 먼저 온 아이가 받아들이는 조건",2,0,,blog-posts-118.ts
/blog/second-pet-right-timing-guide,blog,published,2026-06-03,"두 번째 반려동물 입양 — 적절한 시기는 언제인가",2,0,,blog-posts-27.ts
/blog/senior-cat-adoption,blog,published,,"노묘 입양의 모든 것 — 7세 이상 고양이를 가족으로 맞이하는 법",3,0,,blog-posts-5.ts
/blog/senior-cat-adoption-guide,blog,published,2026-10-24,"노령묘 입양 — 10살 이상 고양이를 입양한다는 것",2,0,,blog-posts-88.ts
/blog/senior-cat-food-guide,blog,published,,"노령묘 사료 선택 기준 — 단백질·인·칼로리 확인법",3,1,,blog-posts-6.ts
/blog/senior-cat-food-transition-guide,blog,published,2026-07-07,"7살 이후 고양이 식이 — 시니어 사료로 바꿔야 하는 시점과 방법",3,0,,blog-posts-45.ts
/blog/senior-cat-hydration-strategies,blog,published,2026-08-25,"노령 고양이 수분 충족 전략 — 신장 지키는 가장 기본적인 방법",2,0,,blog-posts-64.ts
/blog/senior-cat-protein-nutrition,blog,published,2026-07-15,"노령 고양이에게 단백질을 줄이면 안 되는 이유",3,0,,blog-posts-48.ts
/blog/senior-dog-adoption,blog,published,,"노견 입양의 모든 것 — 7세 이상 강아지를 가족으로 맞이하는 법",3,0,,blog-posts-4.ts
/blog/senior-dog-adoption-guide,blog,published,2026-09-12,"노령견 입양 — 7살 이상 강아지를 입양한다는 것의 의미",2,0,,blog-posts-72.ts
/blog/senior-dog-arthritis-management-guide,blog,published,2026-06-10,"노령견 관절염 완전 가이드 — 계단을 안 오르려 한다면 통증 신호일 수 있다",3,1,,blog-posts-34.ts
/blog/senior-dog-gentle-exercise-guide,blog,published,2026-12-02,"노령견에게 맞는 운동 — 무리 없이 움직임을 유지하는 방법",2,0,,blog-posts-104.ts
/blog/senior-dog-health-management,blog,published,,"노령견 건강 관리 — 7세부터 달라지는 돌봄의 기준",3,1,,blog-posts-8.ts
/blog/senior-dog-kidney-preventive-diet,blog,published,2026-11-25,"노령견 신장 예방 식이 — 신부전 전에 미리 할 수 있는 것",2,0,,blog-posts-101.ts
/blog/senior-dog-mobility-aids,blog,published,2026-10-21,"노령견 이동 보조 도구 — 다리가 불편한 강아지를 돕는 방법",2,0,,blog-posts-87.ts
/blog/senior-dog-new-puppy-introduction,blog,published,2026-07-30,"노령견과 새 강아지 합사 — 나이 차이가 큰 두 개의 공존",3,0,,blog-posts-54.ts
/blog/senior-dog-nutrition-transition,blog,published,2026-09-15,"노령견 사료 전환 — 언제, 어떤 사료로, 어떻게 바꿔야 하나",2,0,,blog-posts-73.ts
/blog/senior-dog-supplement-guide,blog,published,2026-08-10,"노령견 보충제 — 무엇이 효과 있고 무엇이 마케팅인가",3,0,,blog-posts-58.ts
/blog/senior-pet-adoption-what-to-know,blog,published,2026-06-16,"노령 반려동물 입양 전에 알아야 할 것 — 7살 이상을 선택하는 이유와 현실",3,0,,blog-posts-36.ts
/blog/senior-pet-first-adoption-guide,blog,published,2027-01-04,"노령 반려동물 입양 — 처음 만나는 시니어와 함께 시작하기",2,0,,blog-posts-117.ts
/blog/senior-pet-insurance-guide,blog,published,2026-06-27,"노령 반려동물 펫보험 현실 가이드 — 나이 제한과 현명한 선택",3,0,,blog-posts-21.ts
/blog/senior-young-pet-introduction,blog,published,2026-06-30,"노령 반려동물과 어린 반려동물 합사 완전 가이드",0,0,,blog-posts-23.ts
/blog/shelter-cat-adjustment-guide,blog,published,2026-12-11,"보호소 출신 고양이 입양 후 적응 — 숨는 고양이 대처법",2,0,,blog-posts-107.ts
/blog/shih-tzu-care-guide,blog,published,2026-06-23,"시추 완전 케어 가이드 — 털·눈·건강 특성 관리",0,1,,blog-posts-19.ts
/blog/shy-cat-bonding-guide,blog,published,2026-10-17,"소심한 고양이와 유대 형성 — 강요 없이 천천히",2,0,,blog-posts-85.ts
/blog/siamese-cat-care-guide,blog,published,2026-06-23,"샴 고양이 완전 케어 가이드 — 특성·건강·행동 이해",0,0,,blog-posts-19.ts
/blog/small-breed-dog-ownership-guide,blog,published,2026-07-22,"소형견 키울 때 알아야 할 것 — 작다고 쉽지 않다",3,0,,blog-posts-51.ts
/blog/small-pet-rabbit-hamster-first-guide,blog,published,2026-06-06,"토끼·햄스터·기니피그 처음 키우기 — 소동물 입양 전 비교 가이드",3,1,,blog-posts-31.ts
/blog/smart-home-pet-guide,blog,published,2026-06-28,"스마트 홈과 반려동물 — 자동화 기기 활용 완전 가이드",0,4,,blog-posts-22.ts
/blog/spay-neuter-myths-facts,blog,published,2026-10-31,"중성화 수술 오해와 진실 — '살찐다', '성격 변한다'는 사실인가",2,0,,blog-posts-91.ts
/blog/spay-neuter-timing-guide,blog,published,2026-11-05,"중성화 수술 최적 시기 — 언제 해야 가장 좋은가",2,0,,blog-posts-93.ts
/blog/special-needs-pet-adoption,blog,published,2026-12-03,"장애·특수 반려동물 입양 — 다름이 덜 사랑스러운 것이 아니다",2,0,,blog-posts-104.ts
/blog/spring-pet-care-guide,blog,published,2026-06-24,"봄철 반려동물 케어 완전 가이드 — 진드기·꽃가루·환절기 대비",0,2,,blog-posts-20.ts
/blog/stray-animal-rescue-legal-status,blog,published,2027-01-14,"유기동물 임시 보호 법적 지위 — 구조자가 알아야 할 것",2,0,,blog-posts-121.ts
/blog/stray-cat-adoption-guide,blog,published,,"유기묘 입양 완전 가이드 — 보호소 방문부터 첫 주 적응까지",3,1,,blog-posts-4.ts
/blog/stray-cat-feeding-legal-guide,blog,published,2026-06-30,"길고양이 급식, 법적으로 문제없나 — 이웃 갈등과 권리·의무 정리",3,0,,blog-posts-42.ts
/blog/stray-cat-tnr-guide,blog,published,2026-09-09,"길고양이 TNR — 신청부터 완료까지 실제 절차 안내",2,0,,blog-posts-70.ts
/blog/stray-cat-tnr-participation-guide,blog,published,2026-08-04,"길고양이 TNR 직접 참여하기 — 지역 고양이 개체수 관리에 기여하는 방법",3,0,,blog-posts-56.ts
/blog/stray-dog-adoption-guide,blog,published,,"유기견 입양 과정 완전 가이드 — 보호소 방문부터 가정 적응까지",3,0,,blog-posts-4.ts
/blog/stray-dog-behavior-understanding,blog,published,2026-10-09,"유기견 행동 이해 — 왜 처음에 낯선 사람을 무서워하는가",2,0,,blog-posts-82.ts
/blog/stray-dog-rescue-process-korea,blog,published,2027-01-19,"국내 유기견 구조 절차 — 발견부터 보호소 입소까지",2,0,,blog-posts-123.ts
/blog/summer-dog-care-tips,blog,published,2026-06-24,"강아지 여름 케어 완전 가이드 — 열사병·수분·모기 예방",0,2,,blog-posts-20.ts
/blog/two-cats-introduction-guide,blog,published,2026-07-08,"고양이 두 마리 합사 — 성공과 실패를 가르는 4~6주 단계별 프로토콜",3,0,,blog-posts-45.ts
/blog/two-dogs-management-guide,blog,published,2026-07-01,"강아지 두 마리 함께 키우기 — 급식·훈련·공간 관리",0,1,,blog-posts-23.ts
/blog/vet-bill-reduce-strategy,blog,published,2026-06-03,"동물병원 진료비 절감 실전 전략 — 아끼는 것과 아끼면 안 되는 것",3,1,,blog-posts-27.ts
/blog/vet-cost-breakdown-guide,blog,published,2026-06-28,"동물병원 진료비 구조 완전 이해 — 비용 책정과 합리적 이용",3,1,,blog-posts-21.ts
/blog/vet-cost-saving-guide,blog,published,,"동물병원 비용 절약 — 진료비 줄이는 현실적인 방법",3,0,,blog-posts-9.ts
/blog/vet-diagnosis-certificate-guide,blog,published,2026-06-03,"동물병원 진단서·소견서·진료기록부 발급받는 방법 — 언제 무엇이 필요한가",3,1,,blog-posts-27.ts
/blog/vet-medical-dispute-guide,blog,published,2026-07-13,"동물병원 의료 분쟁 — 불만이 생겼을 때 권리 찾는 방법",3,0,,blog-posts-47.ts
/blog/vet-second-opinion-guide,blog,published,2026-06-26,"수의사 2차 소견 받기 — 언제, 어떻게, 왜 필요한가",3,1,,blog-posts-21.ts
/blog/wet-food-vs-dry-food-complete-guide,blog,published,2026-06-18,"습식 사료 vs 건식 사료 — 어떤 개·고양이에게 무엇이 맞는가",3,0,,blog-posts-37.ts
/blog/when-to-get-new-pet-after-loss,blog,published,,"반려동물을 잃은 후 새 가족을 맞이하는 적절한 시기",3,0,,blog-posts-13.ts
/blog/working-from-home-pet-guide,blog,published,2026-07-01,"재택근무와 반려동물 — 집중력과 유대감을 동시에",0,1,,blog-posts-23.ts
/condition/cat-asthma,condition,published,2026-05-21,"고양이 천식·기관지염 — 증상·원인·환경 관리",3,0,,contents.ts
/condition/cat-chronic-kidney-disease,condition,published,2026-05-20,"고양이 만성 신부전(CKD) — 조기 신호·단계·관리",3,0,,contents.ts
/condition/cat-constipation,condition,published,2026-05-22,"고양이 변비 — 원인·증상·가정 관리와 병원 방문 기준",3,0,,contents.ts
/condition/cat-dental-disease,condition,review_queue,,"고양이 치주 질환 — 예방과 홈케어",2,0,,conditions-batch-1.ts
/condition/cat-diabetes,condition,published,2026-05-22,"고양이 당뇨 — 증상·진단·인슐린 치료와 식이 관리",3,0,,contents.ts
/condition/cat-fiv-felv,condition,published,2026-05-22,"고양이 에이즈(FIV)·백혈병(FeLV) — 증상·감염 경로·관리",3,0,,contents.ts
/condition/cat-flutd,condition,published,2026-05-18,"고양이 하부요로기질환 (FLUTD)",3,0,,contents.ts
/condition/cat-hyperthyroidism,condition,published,2026-05-17,"고양이 갑상선기능항진증 — 증상·원인·관리",3,0,,contents.ts
/condition/cat-kidney-disease-guide,condition,review_queue,,"고양이 만성 신장 질환 — 초기 증상·식이 관리",2,0,,conditions-batch-1.ts
/condition/cat-obesity,condition,published,2026-05-22,"고양이 비만 — 원인·진단·식이 관리",3,0,,contents.ts
/condition/cat-ringworm,condition,published,2026-05-22,"고양이 피부사상균증(링웜) — 증상·전염·치료와 사람 전염 예방",3,0,,contents.ts
/condition/cat-stomatitis,condition,published,2026-05-22,"고양이 구내염 — 증상·원인·치료·발치 결정",3,1,,contents.ts
/condition/cat-urinary-tract-disease,condition,review_queue,,"고양이 하부 요로 질환(FLUTD) — 증상·응급처치",1,0,,conditions-batch-1.ts
/condition/cat-vomiting,condition,published,2026-05-21,"고양이 구토 — 원인·증상·병원 가야 할 때",3,0,,contents.ts
/condition/cat-vomiting-causes,condition,review_queue,,"고양이 구토 원인 — 급성 vs 만성 구분법",1,0,,conditions-batch-1.ts
/condition/dog-anal-gland,condition,published,2026-05-22,"강아지 항문낭 질환 — 분비물 가득 참·감염·파열 예방",3,0,,contents.ts
/condition/dog-arthritis,condition,published,2026-05-21,"강아지 관절염 — 증상·원인·통증 관리",3,0,,contents.ts
/condition/dog-cruciate-ligament,condition,published,2026-05-22,"강아지 전십자인대(CCL) 파열 — 증상·수술 방법·재활 가이드",3,0,,contents.ts
/condition/dog-diabetes,condition,published,2026-05-20,"강아지 당뇨병 — 증상·원인·치료 및 관리",2,0,,contents.ts
/condition/dog-diarrhea,condition,published,2026-05-22,"강아지 설사 — 원인·응급 신호·가정 대처법",3,0,,contents.ts
/condition/dog-disc-disease,condition,published,2026-05-22,"강아지 추간판탈출증(IVDD) — 증상·등급·수술과 보존 치료",3,0,,contents.ts
/condition/dog-ear-infection,condition,published,2026-05-16,"강아지 외이염 — 증상·원인·치료 방법",3,0,,contents.ts
/condition/dog-epilepsy,condition,published,2026-05-19,"강아지 간질·발작 — 증상·원인·응급 대처",3,0,,contents.ts
/condition/dog-food-allergy,condition,published,2026-05-22,"강아지 식이 알레르기 — 증상·원인 식재료·제거 식이 시험",3,0,,contents.ts
/condition/dog-heartworm,condition,published,2026-05-18,"강아지 심장사상충 — 감염 경로·증상·예방",3,0,,contents.ts
/condition/dog-heartworm-disease,condition,review_queue,,"강아지 심장사상충 — 증상·예방약·주기",1,0,,conditions-batch-1.ts
/condition/dog-hip-dysplasia,condition,published,2026-05-18,"강아지 고관절 이형성증(HD) — 증상·원인·관리",3,0,,contents.ts
/condition/dog-hypothyroidism,condition,published,2026-05-22,"강아지 갑상선 기능 저하증 — 증상·원인·호르몬 치료",3,0,,contents.ts
/condition/dog-joint-arthritis,condition,review_queue,,"강아지 관절염 — 증상·노령견 관리법",1,0,,conditions-batch-1.ts
/condition/dog-kennel-cough,condition,published,2026-05-18,"강아지 켄넬코프 (전염성 기관지염)",3,0,,contents.ts
/condition/dog-obesity-management,condition,review_queue,,"강아지 비만 관리 — 체중 체크·식이 조절",1,0,,conditions-batch-1.ts
/condition/dog-pancreatitis,condition,published,2026-05-20,"강아지 췌장염 — 증상·원인·식이 관리",3,0,,contents.ts
/condition/dog-parvovirus,condition,published,2026-05-22,"강아지 파보바이러스 — 증상·감염·치료·예방 접종",3,0,,contents.ts
/condition/dog-patellar-luxation,condition,review_queue,,"강아지 슬개골 탈구 — 증상·단계·수술 기준",1,0,,conditions-batch-2.ts
/condition/dog-patellar-luxation-stages,condition,review_queue,,"강아지 슬개골 탈구 — 증상·단계·치료·예방",1,0,,conditions-batch-1.ts
/condition/dog-separation-anxiety-disorder,condition,review_queue,,"강아지 분리불안 — 증상·행동 교정법",1,0,,conditions-batch-1.ts
/condition/dog-skin-allergy,condition,published,2026-05-20,"강아지 피부 알레르기 — 원인·증상·치료·식이 관리",3,0,,contents.ts
/condition/dog-skin-allergy-guide,condition,review_queue,,"강아지 피부 알레르기 — 증상·원인·관리",1,0,,conditions-batch-1.ts
/condition/dog-tear-staining,condition,published,2026-05-22,"강아지 눈물자국 — 원인·색깔별 감별·관리법",3,0,,contents.ts
/condition/dog-urinary-tract-infection,condition,published,2026-05-22,"강아지 요로감염 — 증상·원인·치료·예방",3,0,,contents.ts
/condition/dog-vomiting,condition,published,2026-05-22,"강아지 구토 — 원인·응급 신호·동물병원 방문 기준",3,0,,contents.ts
/guide/abyssinian,,published,,"",0,0,,breeds.ts
/guide/animal-hospital-guide,guide,published,2026-05-22,"동물병원 선택 가이드 — 믿을 수 있는 병원 고르는 기준",3,0,,contents.ts
/guide/animal-protection-law-basics,guide,published,2026-05-22,"동물보호법 기초 — 반려인이 꼭 알아야 할 법률 상식",3,0,,contents.ts
/guide/bichon-frise,,published,,"",0,0,,breeds.ts
/guide/border-collie,,published,,"",0,0,,breeds.ts
/guide/british-shorthair,,published,,"",0,0,,breeds.ts
/guide/carrier-training-guide,guide,published,2026-05-22,"반려동물 이동장 훈련 — 고양이·강아지 스트레스 없이 적응시키기",3,0,,contents.ts
/guide/cat-dental-care-guide,guide,published,2026-05-20,"고양이 치아 건강 관리 — 양치 방법과 치주 질환 예방",3,1,,contents.ts
/guide/cat-food-complete-guide,guide,published,,"고양이 사료 완벽 가이드 — 건사료 vs 습식, 선택 기준",0,0,,guides-batch-1.ts
/guide/cat-food-guide,guide,published,2026-05-18,"고양이 사료 선택 가이드 — 습식·건식·생식 비교와 성분 보는 법",3,0,,contents.ts
/guide/cat-fur-care-grooming-guide,guide,published,,"고양이 털 관리·그루밍 완벽 가이드 — 브러싱·헤어볼·미용",0,0,,guides-batch-3.ts
/guide/cat-hydration-water-guide,guide,published,,"고양이 수분 섭취 완벽 가이드 — 물 안 마시는 고양이 해결법",0,0,,guides-batch-2.ts
/guide/cat-indoor-safety-guide,guide,published,2026-05-21,"고양이 실내 안전 가이드 — 위험 요소 완벽 점검",3,0,,contents.ts
/guide/cat-litter-box-setup-guide,guide,published,,"고양이 화장실 완벽 세팅 가이드 — 위치·모래·개수",0,0,,guides-batch-2.ts
/guide/cat-litter-guide,guide,published,2026-05-18,"고양이 화장실·모래 선택 가이드 — 종류별 비교와 위치 설정",2,0,,contents.ts
/guide/cat-neutering-spaying-guide,guide,published,2026-05-20,"고양이 중성화 수술 완전 가이드 — 시기·비용·회복",3,0,,contents.ts
/guide/cat-senior-nutrition-complete-guide,guide,published,,"노령묘 영양 완벽 가이드 — 10세 이상 고양이 식이 관리",0,0,,guides-batch-3.ts
/guide/cat-vaccination-schedule,guide,published,2026-05-10,"고양이 예방접종 스케줄 — 기초부터 추가접종까지",3,0,,contents.ts
/guide/chihuahua,,published,,"",0,0,,breeds.ts
/guide/chinchilla,,published,,"",0,0,,breeds.ts
/guide/dachshund,,published,,"",0,0,,breeds.ts
/guide/dog-adoption-checklist,guide,published,2026-05-05,"강아지 입양 전 체크리스트 — 준비부터 동물등록까지",2,0,,contents.ts
/guide/dog-adoption-complete-guide,guide,published,,"강아지 입양 완벽 가이드 — 준비부터 첫날까지",0,0,,guides-batch-1.ts
/guide/dog-basic-obedience-training,guide,published,,"강아지 기초 복종 훈련 가이드 — 앉아·기다려·이리와",0,0,,guides-batch-1.ts
/guide/dog-basic-training-guide,guide,published,2026-05-10,"강아지 기초 훈련법 — 앉아·기다려·이리와 3주 완성",3,0,,contents.ts
/guide/dog-bite-liability-guide,guide,published,2026-05-22,"반려견 사고 손해배상 가이드 — 교상·재산피해 시 보호자 책임과 대처법",3,0,,contents.ts
/guide/dog-claw-care-complete-guide,guide,published,,"강아지 발톱 관리 완벽 가이드 — 단계별 깎기·거부하는 아이 대처법",0,0,,guides-batch-3.ts
/guide/dog-dental-care-guide,guide,published,2026-05-17,"강아지 치아·구강 관리 — 칫솔질부터 스케일링까지",3,0,,contents.ts
/guide/dog-exercise-guide,guide,published,2026-05-19,"강아지 운동·산책 가이드 — 품종·나이별 적정 운동량",3,0,,contents.ts
/guide/dog-food-label-guide,guide,published,2026-05-15,"강아지 사료 성분표 읽는 법 — 원재료·영양소 분석",3,0,,contents.ts
/guide/dog-food-selection-guide,guide,published,,"강아지 사료 선택 완벽 가이드 — 성분 해석부터 연령별 추천까지",0,0,,guides-batch-1.ts
/guide/dog-grooming-guide,guide,published,2026-05-22,"강아지 목욕·미용 가이드 — 주기·방법·집에서 하는 법",2,0,,contents.ts
/guide/dog-healthy-weight-guide,guide,published,,"강아지 적정 체중 관리 가이드 — 비만 판별부터 다이어트 식이까지",0,0,,guides-batch-3.ts
/guide/dog-heat-stroke-guide,guide,published,2026-05-21,"강아지 열사병 — 증상·응급처치·예방법",3,0,,contents.ts
/guide/dog-neutering-spaying-guide,guide,published,2026-05-22,"강아지 중성화 수술 완벽 가이드 — 시기·장단점·주의사항",3,0,,contents.ts
/guide/dog-nutrition-basics,guide,published,2026-05-19,"강아지 영양 기초 가이드 — 5대 영양소와 올바른 급여 방법",3,0,,contents.ts
/guide/dog-parasite-prevention-guide,guide,published,,"강아지 기생충 예방 완벽 가이드 — 심장사상충·벼룩·진드기·회충",0,0,,guides-batch-3.ts
/guide/dog-puppy-socialization-guide,guide,published,,"강아지 사회화 훈련 완벽 가이드 — 생후 3~16주 황금기",0,0,,guides-batch-2.ts
/guide/dog-raw-diet-beginners-guide,guide,published,,"강아지 생식(로푸드) 입문 가이드 — 장단점·시작하는 법",0,0,,guides-batch-2.ts
/guide/dog-senior-nutrition-guide,guide,published,,"노령견 영양 가이드 — 7세 이상 식이 관리",0,0,,guides-batch-2.ts
/guide/dog-separation-anxiety-guide,guide,published,2026-05-20,"강아지 분리불안 해결법 — 원인부터 단계별 훈련까지",3,0,,contents.ts
/guide/dog-walking-complete-guide,guide,published,,"강아지 산책 완벽 가이드 — 시간·목줄·에티켓",0,0,,guides-batch-1.ts
/guide/dog-winter-care-complete-guide,guide,published,,"강아지 겨울철 관리 완벽 가이드 — 방한·산책·실내 환경",0,0,,guides-batch-3.ts
/guide/dutch-rabbit,,published,,"",0,0,,breeds.ts
/guide/first-year-puppy-kitten-guide,guide,published,,"퍼피·키튼 첫 1년 완벽 가이드 — 월령별 성장과 돌봄",0,0,,guides-batch-3.ts
/guide/french-bulldog,,published,,"",0,0,,breeds.ts
/guide/golden-retriever,,published,,"",0,0,,breeds.ts
/guide/guinea-pig,,published,,"",0,0,,breeds.ts
/guide/indoor-cat-enrichment-guide,guide,published,2026-05-19,"실내 고양이 환경 풍부화 — 스트레스 줄이고 행복하게",3,0,,contents.ts
/guide/jindo,,published,,"",0,0,,breeds.ts
/guide/korean-shorthair,,published,,"",0,0,,breeds.ts
/guide/labrador-retriever,,published,,"",0,0,,breeds.ts
/guide/maine-coon,,published,,"",0,0,,breeds.ts
/guide/maltese,,published,,"",0,0,,breeds.ts
/guide/memorial-ceremony,guide,published,2026-05-22,"반려동물 장례 절차 안내 — 접수부터 봉안까지",3,0,,contents.ts
/guide/memorial-cost,guide,published,2026-05-22,"반려동물 장례 비용 가이드 — 유형별 비용 범위",3,0,,contents.ts
/guide/microchip-registration-complete-guide,guide,published,,"반려동물 마이크로칩 등록 완벽 가이드 — 절차·비용·주의사항",0,0,,guides-batch-2.ts
/guide/multi-pet-household-guide,guide,published,,"다묘·다견 가정 만들기 가이드 — 합사 단계별 방법",0,0,,guides-batch-2.ts
/guide/norwegian-forest-cat,,published,,"",0,0,,breeds.ts
/guide/persian,,published,,"",0,0,,breeds.ts
/guide/pet-dental-home-care-guide,guide,published,,"반려동물 치아 관리 홈케어 가이드 — 칫솔질·간식·스케일링",0,0,,guides-batch-2.ts
/guide/pet-first-aid-guide,guide,published,2026-05-18,"반려동물 응급처치 기초 가이드 — 상황별 즉각 대응법",2,0,,contents.ts
/guide/pet-food-ingredient-analysis-guide,guide,published,,"반려동물 사료 성분표 읽는 법 완벽 가이드 — 원료·보증성분 분석",0,0,,guides-batch-3.ts
/guide/pet-friendly-travel-guide,guide,published,2026-05-15,"반려동물 동반 여행 — 준비물·주의사항·국내 명소",3,0,,contents.ts
/guide/pet-grooming-home-guide,guide,published,,"반려동물 홈 그루밍 완벽 가이드 — 셀프 미용 기초",0,0,,guides-batch-1.ts
/guide/pet-health-checkup-guide,guide,published,2026-05-22,"반려동물 정기 건강검진 가이드 — 주기·항목·준비",3,0,,contents.ts
/guide/pet-heatstroke-prevention-complete-guide,guide,published,,"반려동물 여름철 열사병 예방 완벽 가이드 — 강아지·고양이 폭염 대처",0,0,,guides-batch-3.ts
/guide/pet-insurance-before-joining,guide,review_queue,,"펫보험 가입 전 꼭 확인해야 할 7가지",3,0,,contents.ts
/guide/pet-insurance-exclusions,guide,published,2026-05-22,"펫보험 면책 사항 완전 정복 — 보장 안 되는 항목과 절약 전략",3,0,,contents.ts
/guide/pet-microchip-registration-guide,guide,published,2026-05-19,"반려견 마이크로칩 등록 완전 가이드 — 절차·비용·조회",2,0,,contents.ts
/guide/pet-registration-guide-korea,guide,published,,"반려동물 동물등록 완벽 가이드 — 방법·비용·주의사항",0,0,,guides-batch-1.ts
/guide/pet-safe-home-environment-guide,guide,published,,"반려동물 안전한 집 환경 만들기 — 위험 요소 점검 가이드",0,0,,guides-batch-3.ts
/guide/pet-sitter-guide,guide,published,2026-05-22,"반려동물 펫시터 이용 가이드 — 선택·준비·주의사항",3,0,,contents.ts
/guide/pet-toxic-foods-complete-guide,guide,published,2026-05-16,"반려동물에게 위험한 음식 완전 정리 — 개·고양이 공통·종별",3,0,,contents.ts
/guide/pet-toxic-foods-list,guide,published,,"반려동물이 먹으면 안 되는 음식 완전 목록",0,0,,guides-batch-1.ts
/guide/pet-travel-guide-korea,guide,published,,"반려동물과 여행하기 완벽 가이드 — 이동·숙박·준비물",0,0,,guides-batch-1.ts
/guide/pet-treats-guide,guide,published,2026-05-22,"반려동물 간식 선택 가이드 — 성분·급여량·추천 유형",3,0,,contents.ts
/guide/pet-vaccination-schedule,guide,review_queue,,"반려동물 예방접종 일정 완전 정리 — 강아지·고양이",3,0,,contents.ts
/guide/petloss-care-guide,guide,published,2026-05-01,"펫로스 케어 가이드 — 반려동물을 떠나보낸 후 회복하기",3,0,,contents.ts
/guide/petloss-faq,guide,published,2026-05-22,"반려동물 장례 자주 묻는 질문 — 실무 Q&A",3,0,,contents.ts
/guide/pomeranian,,published,,"",0,0,,breeds.ts
/guide/puppy-first-year-guide,guide,published,2026-05-17,"퍼피 첫 해 완전 가이드 — 입양부터 1세까지",3,0,,contents.ts
/guide/puppy-potty-training,guide,published,2026-05-22,"강아지 배변훈련 완전 가이드 — 퍼피부터 성견까지 단계별 방법",2,0,,contents.ts
/guide/puppy-socialization-guide,guide,published,2026-05-21,"강아지 사회화 훈련 가이드 — 결정적 시기와 올바른 방법",3,0,,contents.ts
/guide/ragdoll,,published,,"",0,0,,breeds.ts
/guide/russian-blue,,published,,"",0,0,,breeds.ts
/guide/scottish-fold,,published,,"",0,0,,breeds.ts
/guide/senior-cat-care-guide,guide,published,2026-05-22,"노령 고양이 케어 가이드 — 7세 이후 건강 관리",3,0,,contents.ts
/guide/senior-dog-care-guide,guide,published,2026-05-17,"노령견 케어 가이드 — 7세 이후 건강·생활 관리",3,0,,contents.ts
/guide/senior-dog-nutrition-guide,guide,published,2026-05-22,"노령 강아지 영양·사료 가이드 — 7세 이후 식이 관리",3,0,,contents.ts
/guide/senior-pet-adoption-complete-guide,guide,published,,"노령 반려동물 입양 완벽 가이드 — 노견·노묘 입양의 장단점과 준비",0,0,,guides-batch-3.ts
/guide/shelter-animal-adoption-guide,guide,published,,"유기동물 보호소 입양 가이드 — 절차와 준비사항",0,0,,guides-batch-1.ts
/guide/shiba-inu,,published,,"",0,0,,breeds.ts
/guide/shih-tzu,,published,,"",0,0,,breeds.ts
/guide/siamese,,published,,"",0,0,,breeds.ts
/guide/syrian-hamster,,published,,"",0,0,,breeds.ts
/guide/toy-poodle,,published,,"",0,0,,breeds.ts
/guide/turkish-angora,,published,,"",0,0,,breeds.ts
/guide/welsh-corgi-pembroke,,published,,"",0,0,,breeds.ts
/guide/yorkshire-terrier,,published,,"",0,0,,breeds.ts
