url,claim,status,evidence,action,checked_at
/blog/pet-insurance-guide,"금감원 2023 펫보험 가입 건수 약 85만 건(+32%)",원문 확인 불가·불일치 정황,"검색상 금감원 인용 보도는 2023년 말 약 10.9~11만 건 수준으로 보도됨(원문 보도자료 미확인, 정의·기준일 미확정)",수치 제거(대체 수치 미삽입),2026-10-10
/blog/pet-insurance-guide,"소비자원 2022 분쟁의 약 36%가 기존질환 면책",원문 또는 정확한 문헌 미확인,원문 미발견,수치 제거·정성 표현,2026-10-10
/blog/pet-insurance-guide,출처 목록 3건,원문 또는 정확한 문헌 미확인,문서 제목 실재 미확인,일반 참고 2건으로 정정(개별 통계 미인용 명시),2026-10-10
/blog/maine-coon-care-guide,"AKC 브리드 데이터 수컷 10kg·100cm",원문은 있으나 주장과 불일치(AKC는 개 품종 단체),고양이 품종 근거로 부적합,AKC 인용·수치 제거,2026-10-10
/blog/british-shorthair-care-guide,"AKC 고양이 품종 데이터 4-8kg·12-17년",동일,동일,AKC 인용·수치 제거,2026-10-10
/blog/persian-cat-care-guide,"AKC 3-6kg / ASPCA 분류",동일(ASPCA 분류도 미확인),동일,인용·수치 제거,2026-10-10
/blog/pet-photo-tips,"Instagram 2023 Pet Content Report 2.3배",원문 또는 정확한 문헌 미확인,보고서 미발견,수치 제거 후 촬영 설명 유지,2026-10-10
/condition/dog-diabetes,"WSAVA Diabetes Mellitus Management Guidelines (2023)",원문 또는 정확한 문헌 미확인,동명 WSAVA 지침 미발견,제거,2026-10-10
/condition/dog-diabetes,"대한수의사회 임상 수의학 가이드라인 (2022)",원문 또는 정확한 문헌 미확인,특정 문서 미확인,제거,2026-10-10
/condition/dog-diabetes,"AAHA 2018 Diabetes Management Guidelines (JAAHA 54(1):1-21)",원문 확인(초록 수준)·주장별 대조 미완,인슐린 중심 치료·모니터링·식이 개요 확인,출처 추가(개별 수치는 대조 전 표기),2026-10-10
/condition/dog-diabetes,"중성화 안 한 암컷 발생률 수컷 2~3배",원문 또는 정확한 문헌 미확인,근거 미확보,수치 제거,2026-10-10
/condition/dog-diabetes,"진단 초기 2~4주 간격 혈당 모니터링",원문 또는 정확한 문헌 미확인,근거 미확보,수의사 일정 표현으로 변경,2026-10-10
/condition/dog-diabetes,"저혈당 시 잇몸에 꿀·포도당 젤",시점·대상 추가 검토 필요,응급 지시라 수의사 검토 필요,유지·검토 보류,2026-10-10
/blog/cat-outdoor-safety-guide,"AKC 하네스 적응 훈련 자료(고양이 글 출처)",원문은 있으나 주장과 불일치(개 단체),고양이 글 근거로 부적합,출처 행 제거,2026-10-10
/blog/dog-cat-introduction,"AKC가 합사 시 고양이에 수 개월 공포 반응 강조",원문 또는 정확한 문헌 미확인,원문 미발견,기관 귀속 제거·정성 표현,2026-10-10
/blog/cat-outdoor-safety-guide,"ASPCA·AVMA·WSAVA 해당 주제 문서",원문 또는 정확한 문헌 미확인,기관명만 기재 정확한 문서 미특정,유지·전문 검토 필요(미검증),2026-10-10
/blog/cat-senior-diet-transition,"WSAVA: 7세 이상 고양이 약 40% 근육 소실",원문 또는 정확한 문헌 미확인,원문 미발견,수치·기관 귀속 제거,2026-10-10
/blog/pet-moving-new-home-adaptation,"이삿날 강아지가 떨고 있었다(경험담 형식 도입)",직접 경험 근거 없음,경험 기록 없음,일반 서술로 교체,2026-10-10
/blog/cat-breed-selection-guide 및 고양이 입양 준비 글,"농식품부 2023: 반려묘 양육 312만 가구·코숏 약 40%",원문 또는 정확한 문헌 미확인,"2023 동물복지 국민의식조사 검색 결과에서 반려묘 가구 수·코숏 비율 확인 불가(양육 비율 28.2%는 보도 인용, 공식 발표 여부 불명)",수치 제거·정성 표현,2026-10-10
/blog/cat-protein-requirements,"AAFCO 성묘 최소 단백질 26%(건물 기준)",원문 확인 및 주장 일치,"FDA 소비자 안내(https://www.fda.gov/animal-veterinary/animal-health-literacy/complete-and-balanced-pet-food)에 26% 건물 기준 명시",유지,2026-10-10
/blog/grain-free-dog-food-heart-risk,"FDA 2018 조사 발표·인과관계 미확립·2022-12 이후 업데이트 중단",원문 확인 및 주장 일치,"FDA 조사 페이지(fda.gov, 2022-12-23 갱신) 직접 확인","본문 수정(2023년 이후 진행 중 오류, 2014년·특정 브랜드 집중 서술 삭제)",2026-10-10
/blog/cat-protein-requirements,"AAFCO 성장·임신·수유 최소 단백질 30%",시점·대상·통계 정의가 달라 추가 검토 필요,"2차 자료 2건 일치(PetMD, Pet Food Industry 개정 프로파일 해설: 성묘 26%·성장/번식 30% 건물 기준 유지); AAFCO 프로파일 원문(유료)은 미확인; 에너지 기준(4000 kcal ME/kg) 전제",유지(2차 자료 2건 일치)·원문 대조는 사람 확인 대기,2026-10-10
/blog/dog-nail-trimming-guide,"AKC 발톱 손질 주기 3~4주(소형견)",원문 확인 및 주장 불일치,"AKC 발톱 글 직접 확인: 대부분의 개 3~4주, 활동량·성장 속도에 따라 다름(크기별 구분 없음)","본문 수정(소형견 한정 삭제)",2026-10-10
/blog/dog-odor-management,"AKC 귀 청소 월 1~2회·수영 후 권장",원문 확인 및 주장 불일치,"AKC Why Does My Dog Smell 글에 귀 청소 주기 권고 없음(귀 효모·세균 감염이 냄새 원인으로만 언급)","본문 수정(주기 권고 귀속 삭제, 감염 원인 서술만 AKC 인용)",2026-10-10
/blog/dog-crate-training-guide,"AKC: 켄넬 훈련 개는 분리불안 발생률이 낮음",원문 확인 및 주장 불일치,"AKC 글에 발생률 수치 없음; 예방에 도움이 될 수 있으나 단독 해결책 아님, 분리불안 개는 크레이트에서 패닉 위험","본문 수정(발생률 서술 삭제, AKC 설명 범위로 교체)",2026-10-10
/blog/dog-recall-training,"AKC: 리콜 실패는 반려견 사망 원인 상위권",근거 미확인,"AKC 검색에서 해당 주장 확인 불가(AKC는 암을 노령견 주요 사망 원인으로 언급)","귀속·주장 삭제, 위험 서술을 정성 표현으로 교체",2026-10-10
/blog/dog-breed-selection-guide,"AKC: 보더콜리·허스키·달마시안 하루 최소 2시간",원문 확인 및 주장 불일치,"AKC: 래브라도·보더콜리 등 고에너지 견종은 거의 매일 최소 1시간 강도 높은 운동; 허스키·달마시안은 시간 수치 없음","본문 수정(1시간·품종 범위 정정)",2026-10-10
/blog/maltese-care-guide,"AKC 표준 체중 2–4kg, 수명 12–15년",원문 확인 및 주장 불일치,"AKC 표준: 7파운드(약 3.2kg) 미만, 선호 4–6파운드; 12–15년 수치는 AKC에 없음(두 자릿수 나이까지)","본문 수정(체중 정정, 수명 수치 삭제)",2026-10-10
/blog/pomeranian-care-guide,"AKC 표준 체중 1.8–3.5kg, 수명 12–16년",원문 확인 및 주장 불일치,"AKC 표준: 3–7파운드(약 1.4–3.2kg), 이상 4–6파운드; AKC 소형견 수명 목록 14–16년","본문 수정(체중·수명 정정)",2026-10-10
/blog/shih-tzu-care-guide,"AKC 체중 4–7.5kg, 수명 10–16년",원문 확인 및 주장 일부 불일치,"AKC 표준: 9–16파운드(약 4–7.3kg); AKC 수명 10–18년","본문 수정(체중 정정, 수명 10–18년)",2026-10-10
/blog/golden-retriever-care-guide,"AKC 표준 체중 수컷 29–34kg·암컷 25–29kg, 수명 10–12년",원문 확인 및 주장 일치,"AKC 견종 표준·견종 페이지: 수컷 65–75파운드, 암컷 55–65파운드, 수명 10–12년",유지,2026-10-10
/blog/french-bulldog-care-guide,"AKC 통계: 수년간 등록 순위 1–2위",원문 확인 및 주장 일치,"AKC 연도별 인기 순위: 2021년 2위, 2022–2025년 1위",유지,2026-10-10
/blog/dog-crate-training-guide,"AKC 기준 성견 크레이트 최대 4~5시간",원문 확인 및 주장 불일치,"AKC: 성견도 화장실 휴식 없이 6~8시간 넘게 혼자 두지 않음; 강아지 개월 수+1시간(또는 개월 수)","본문 수정",2026-10-10
/blog/dog-baby-teeth-guide,"AKC 기준 생후 7개월 영구치 교환 완료",원문 확인 및 주장 불일치,"AKC: 보통 6개월 무렵 완료, 길게는 8개월; 영구치 42개 일치","본문 수정(6~8개월)",2026-10-10
/blog/dog-vegetables-fruits-guide,"AKC: 사과 씨앗 제거, 아미그달린이 시안화물 방출",원문 일부 불일치,"AKC: 씨앗·심지 제거, 씨앗에 소량 시안화물; 아미그달린 언급 없음","본문 수정(아미그달린 귀속 삭제)",2026-10-10
/blog/dog-apartment-living-guide,"AKC: 아파트 적합성은 견종 크기보다 에너지 레벨",원문 확인 및 주장 일치,"AKC 아파트 견종 글: 대형견도 저활동이면 적합, 소형견도 고에너지면 부적합",유지,2026-10-10
/blog/dog-howling-guide,"AKC: 하울링은 보호자 부재 시 분리불안과 연관",원문 확인 및 주장 일치,"AKC: 분리불안 개는 보호자 부재 시 하울링하는 경우 많음",유지,2026-10-10
/blog/dog-jumping-training,"AKC: 점프는 얼굴 맞대는 인사 행동",원문 확인 및 주장 일치,"AKC: 얼굴을 마주 보는 인사이자 관심 보상으로 강화됨",유지,2026-10-10
/blog/dog-agility-beginner-guide,"AKC 통계: 목양견 그룹이 가장 높은 성적; AVMA 연구 지지",원문 일부 확인(AKC 순위표·출전 수)·AVMA 미확인,"AKC MACH/PACH 순위표에서 보더 콜리·오스트레일리안 셰퍼드 상위, 2023 전국 대회 출전 보더 콜리 288두; 타이틀 개 기준이라 평균 실력 아님; AVMA 서술은 확인 못 함","본문 수정(순위표 수준으로 정확히 서술, AVMA 서술 삭제)",2026-10-10
/blog/dog-social-aggression-guide,"AKC 권장 대응 우선순위",AKC에서 해당 순서 미확인,"AKC 검색에서 동일 순서 확인 못 함","귀속 삭제(일반 조언으로 유지)",2026-10-10
/blog/dog-fear-management,"AKC 권장 순서",AKC에서 해당 순서 미확인,"AKC 검색에서 동일 순서 확인 못 함","귀속 삭제(일반 조언으로 유지)",2026-10-10
/blog/dog-swimming-guide,"AKC 권장 단계(얕은 물·강제 금지·보호자 동행)",원문 확인 및 주장 일치,"AKC 수영 가르치기 글: 얕은 물에서 시작, 던져 넣지 않기, 보호자 동행·수영하는 친구 개",유지,2026-10-10
